peptide_name,nanopore_name,voltage,peptide_conc,transition_from,transition_to,best_model,bic,r_squared,tau_mean,tau_mean_err,tau_fast,A_fast,tau_fast_err,A_fast_err,tau_middle,A_middle,tau_middle_err,A_middle_err,tau_slow,A_slow,tau_slow_err,A_slow_err
guesthost_Thr,PA,40,7.4,0,1,2-exp,-270.533,0.983081,0.0409172,0.00287107,0.038187,0.886203,0.00328855,0.0428421,0.199707,0.0354309,0.248014,0.0512475,0.199707,0.0354309,0.248014,0.0512475
guesthost_Thr,PA,40,7.4,0,2,2-exp,-341.94,0.990511,0.0488285,0.000585349,0.0145846,0.462063,0.00397834,0.0632476,0.0546279,0.770475,0.00187375,0.0634584,0.0546279,0.770475,0.00187375,0.0634584
guesthost_Thr,PA,40,7.4,0,3,2-exp,-133.41,0.964026,0.0502049,0.00172854,0.0117127,1.0,0.00314732,0.185567,0.09314,0.413273,0.00942791,0.0655885,0.09314,0.413273,0.00942791,0.0655885
guesthost_Thr,PA,40,7.4,1,0,1-exp,-73.9294,0.777726,0.0052777,0.000425354,0.0052777,0.854996,0.000425354,0.0767012,,,,,,,,
guesthost_Thr,PA,40,7.4,1,2,2-exp,-226.774,0.97959,0.0143674,0.000284057,0.00750015,0.94304,0.000883995,0.0601672,0.0320805,0.227378,0.00512797,0.0668129,0.0320805,0.227378,0.00512797,0.0668129
guesthost_Thr,PA,40,7.4,1,3,2-exp,-147.483,0.959225,0.00917017,0.000288872,0.00330724,0.847065,0.000914524,0.119431,0.0174393,0.365194,0.00215328,0.0823327,0.0174393,0.365194,0.00215328,0.0823327
guesthost_Thr,PA,40,7.4,2,0,2-exp,-107.975,0.785125,0.00397354,0.00176281,0.00145704,0.999999,0.00436539,1.00809,0.00284469,0.884632,0.00174419,2.90261,0.00284469,0.884632,0.00174419,2.90261
guesthost_Thr,PA,40,7.4,2,1,1-exp,-195.266,0.981072,0.0174312,0.000356986,0.0174312,1.07221,0.000356986,0.0296025,,,,,,,,
guesthost_Thr,PA,40,7.4,2,3,2-exp,-718.999,0.937305,0.00755016,0.000164145,0.00371656,1.0,0.000641664,0.128186,0.00876255,0.437497,0.00088928,0.168486,0.00876255,0.437497,0.00088928,0.168486
guesthost_Ala,PA,35,20.0,0,1,3-exp,-4901.84,0.996954,0.0338897,0.00018904,0.0115838,0.323446,0.0011126,0.0465619,0.0247471,0.804752,0.000484986,0.0505093,1.0,0.0102277,0.0259949,0.000275467
guesthost_Ala,PA,35,20.0,0,2,3-exp,-5795.28,0.997827,0.0330673,7.03767e-05,0.0152524,0.675974,0.000779136,0.0621875,0.0296856,0.612593,0.000935794,0.0672221,0.30696,0.0148941,0.00767043,0.000537438
guesthost_Ala,PA,35,20.0,0,3,3-exp,-2091.43,0.995579,0.028927,,0.0209926,0.625044,318.5,396127.0,0.0209926,0.60505,329.023,396127.0,0.107776,0.0288013,0.0139239,0.00736361
guesthost_Ala,PA,35,20.0,1,0,3-exp,-2146.26,0.947759,0.008343,0.000261474,0.00177995,1.0,0.000781937,0.170245,0.00513461,0.523404,0.00127705,0.297767,0.0401166,0.0966078,0.0017891,0.00807087
guesthost_Ala,PA,35,20.0,1,2,2-exp,-4028.4,0.993233,0.0204196,6.46352e-05,0.00563154,0.598997,0.000170257,0.0097667,0.0361015,0.472178,0.000221252,0.00551882,0.0361015,0.472178,0.000221252,0.00551882
guesthost_Ala,PA,35,20.0,1,3,3-exp,-1856.92,0.988072,0.0179825,0.0171897,0.00370753,0.704505,0.00026718,0.0268922,0.0297021,0.474918,0.00104167,0.012812,1.0,0.00126445,16.4317,0.00393764
guesthost_Ala,PA,35,20.0,2,0,2-exp,-1694.55,0.878186,0.00814308,0.000153322,0.00248587,1.0,0.00026708,0.0998633,0.0265597,0.212999,0.000961835,0.0129191,0.0265597,0.212999,0.000961835,0.0129191
guesthost_Ala,PA,35,20.0,2,1,2-exp,-4697.42,0.997514,0.0278028,4.92723e-05,0.0230898,1.0,0.000196757,0.00754956,0.0559984,0.084163,0.00176393,0.00869881,0.0559984,0.084163,0.00176393,0.00869881
guesthost_Ala,PA,35,20.0,2,3,3-exp,-5732.57,0.973973,0.00832996,9.70447e-05,0.00347182,0.383135,2.22783,1068930.0,0.00347351,0.82746,1.18895,1068930.0,0.0203286,0.202946,0.000382276,0.00885001
guesthost_Ala,PA,40,20.0,0,1,3-exp,-3643.04,0.997032,0.0253625,0.000145449,0.0150249,1.0,0.000282421,0.0181151,0.0406086,0.182633,0.00212084,0.0206889,0.554064,0.00527228,0.0613251,0.000566513
guesthost_Ala,PA,40,20.0,0,2,3-exp,-3973.83,0.996437,0.0481885,0.000314141,0.0138847,1.0,0.000505942,0.0355698,0.0349006,0.372425,0.00159339,0.0431569,1.0,0.0213059,0.020203,0.000489867
guesthost_Ala,PA,40,20.0,0,3,3-exp,-947.874,0.990537,0.042105,0.000715042,0.00750374,1.0,0.00110329,0.0754821,0.0257532,0.540106,0.00236041,0.0894458,0.433541,0.0477275,0.0249926,0.00360306
guesthost_Ala,PA,40,20.0,1,0,2-exp,-1327.69,0.943128,0.00700915,0.000104481,0.00248648,1.0,0.000256143,0.0839845,0.0135633,0.333449,0.00044219,0.0223787,0.0135633,0.333449,0.00044219,0.0223787
guesthost_Ala,PA,40,20.0,1,2,3-exp,-3922.0,0.994074,0.0148171,6.33482e-05,0.00536758,0.573176,0.000292178,0.0203014,0.0199221,0.557773,0.0006941,0.0197016,0.083825,0.00749827,0.0403936,0.00646722
guesthost_Ala,PA,40,20.0,1,3,2-exp,-1419.82,0.986132,0.0145999,9.49424e-05,0.00552684,0.37922,0.000865323,0.0362612,0.0170553,0.733144,0.000354899,0.0424142,0.0170553,0.733144,0.000354899,0.0424142
guesthost_Ala,PA,40,20.0,2,0,2-exp,-963.867,0.777797,0.0043976,0.000139265,0.00306465,1.0,0.000172185,0.0525678,0.0463399,0.0287648,0.00684119,0.00470231,0.0463399,0.0287648,0.00684119,0.00470231
guesthost_Ala,PA,40,20.0,2,1,3-exp,-3740.5,0.995753,0.0228769,9.96516e-05,0.0195491,0.509429,5.6075,302011.0,0.0195508,0.561897,5.03894,302011.0,0.0598765,0.0322737,0.0173785,0.0278038
guesthost_Ala,PA,40,20.0,2,3,2-exp,-7105.84,0.986938,0.0105056,3.39608e-05,0.00411876,1.0,6.64129e-05,0.0112061,0.0217576,0.293544,0.000182426,0.00508708,0.0217576,0.293544,0.000182426,0.00508708
guesthost_Trp,PA,20,90.0,0,2,3-exp,-9460.92,0.998634,0.056073,6.74177e-05,0.0197444,0.465332,0.00102555,0.0416509,0.0428968,0.614932,0.00118236,0.0434469,0.238564,0.085959,0.00172116,0.00141153
guesthost_Trp,PA,20,90.0,0,3,3-exp,-680.109,0.995321,0.318259,0.00224706,0.0129958,0.303875,0.00450792,0.0942577,0.244176,0.721528,0.00951908,0.014974,1.0,0.13813,0.0520375,0.0144466
guesthost_Trp,PA,20,90.0,2,0,2-exp,-6701.67,0.990357,0.0153927,,0.0109792,0.505087,0.880498,404828.0,0.0109799,0.896846,0.43122,404828.0,0.0109799,0.896846,0.43122,404828.0
guesthost_Trp,PA,20,90.0,2,3,2-exp,-452.056,0.93932,0.00565154,0.000149167,0.00287069,1.0,0.000730527,0.180905,0.00664093,0.418744,0.00112389,0.256307,0.00664093,0.418744,0.00112389,0.256307
guesthost_Phe,PA,20,20.0,0,1,3-exp,-12314.4,0.993327,0.012781,2.2256e-05,0.00804347,0.760397,0.442439,165405.0,0.00804446,0.301481,1.11306,165405.0,0.0396626,0.10689,0.000438231,0.00296307
guesthost_Phe,PA,20,20.0,0,2,2-exp,-737.155,0.994909,0.0243238,0.000183802,0.0121235,1.0,0.000257591,0.0140691,0.0925754,0.131787,0.00268141,0.00576518,0.0925754,0.131787,0.00268141,0.00576518
guesthost_Phe,PA,20,20.0,0,3,3-exp,-545.619,0.992795,0.0441351,0.0473441,0.0117583,0.733349,0.00310296,0.140334,0.0380013,0.659051,0.00716152,0.17212,1.0,0.0104673,6.04084,0.0179503
guesthost_Phe,PA,20,20.0,1,0,3-exp,-13783.7,0.996218,0.016032,2.56409e-05,0.00255755,0.313783,0.000190435,0.0174738,0.0163623,0.840117,0.000133345,0.00449969,0.0409834,0.0361911,0.00141557,0.00440442
guesthost_Phe,PA,20,20.0,1,2,2-exp,-21091.8,0.995839,0.0149277,1.55739e-05,0.00966124,0.572832,0.000162578,0.0143671,0.0188347,0.498729,0.00013741,0.0156442,0.0188347,0.498729,0.00013741,0.0156442
guesthost_Phe,PA,20,20.0,1,3,3-exp,-854.784,0.98389,0.00965888,8.97138e-05,0.00540557,0.712693,2.19598,1361520.0,0.00540634,0.40027,4.68433,1361520.0,0.0236442,0.154049,0.00231269,0.0368718
guesthost_Phe,PA,20,20.0,2,0,2-exp,-463.103,0.95866,0.00647433,0.000112344,0.00527001,1.0,0.000383916,0.0378725,0.0190562,0.0631985,0.00606549,0.0435089,0.0190562,0.0631985,0.00606549,0.0435089
guesthost_Phe,PA,20,20.0,2,1,2-exp,-20734.0,0.995271,0.0134915,1.51694e-05,0.00823352,0.77458,7.65028e-05,0.00612868,0.0201853,0.352436,0.000119144,0.00704344,0.0201853,0.352436,0.000119144,0.00704344
guesthost_Phe,PA,20,20.0,2,3,3-exp,-692.048,0.962773,0.0090262,0.000209496,0.00361437,0.36306,5.08034,2375340.0,0.00361588,0.84423,2.3372,2375340.0,0.0299327,0.155727,0.00204294,0.0191028
guesthost_Tyr,PA,90,20.0,0,1,3-exp,-1175.69,0.982889,0.0469813,0.00116689,0.00937133,1.0,0.000666567,0.0439169,0.0566675,0.304447,0.00365277,0.024825,0.999999,0.0203577,0.107388,0.00226006
guesthost_Tyr,PA,90,20.0,0,2,3-exp,-1609.94,0.958679,0.0592679,0.00175884,0.00618938,1.0,0.00156007,0.162862,0.0163208,0.674805,0.00214272,0.23021,1.0,0.0420652,0.0337168,0.00190856
guesthost_Tyr,PA,90,20.0,1,0,1-exp,-109.943,0.493127,0.00338159,0.000281813,0.00338159,0.907869,0.000281813,0.0837155,,,,,,,,
guesthost_Tyr,PA,90,20.0,1,2,2-exp,-1221.88,0.930966,0.00625226,0.00010978,0.00351973,1.0,0.00140217,1.21651,0.00524483,0.520996,0.00188286,1.27931,0.00524483,0.520996,0.00188286,1.27931
guesthost_Tyr,PA,90,20.0,1,3,1-exp,-30.1654,0.65386,0.00307757,0.000518148,0.00307757,1.1,0.000518148,0.227162,,,,,,,,
guesthost_Tyr,PA,90,20.0,2,0,2-exp,-1052.35,0.801521,0.00533542,0.000139167,0.00281949,1.0,0.000249001,0.0747396,0.0279987,0.0898585,0.0023856,0.0120422,0.0279987,0.0898585,0.0023856,0.0120422
guesthost_Tyr,PA,90,20.0,2,1,2-exp,-774.147,0.957769,0.0150828,0.000262443,0.00245553,1.0,0.00034884,0.138981,0.0353506,0.357201,0.00094306,0.0140877,0.0353506,0.357201,0.00094306,0.0140877
guesthost_Tyr,PA,90,20.0,2,3,3-exp,-11150.2,0.997835,0.0290251,4.25639e-05,0.01125,0.39226,0.000337764,0.00878382,0.0321124,0.731378,0.000186798,0.0103563,0.408207,0.00275806,0.0267375,0.000185623
guesthost_Thr,PA,20,74.0,0,1,3-exp,-8288.08,0.987111,0.0328056,0.000295724,0.0123593,0.635191,0.000867237,0.0803396,0.0248927,0.504517,0.00126705,0.0852323,1.0,0.0123963,0.0154914,0.000406501
guesthost_Thr,PA,20,74.0,0,2,3-exp,-11125.7,0.997783,0.0328443,7.61515e-05,0.0164664,1.0,0.000224929,0.014946,0.0382538,0.297144,0.000779399,0.0175755,0.849707,0.00589733,0.0185863,0.000143593
guesthost_Thr,PA,20,74.0,0,3,3-exp,-7183.87,0.997751,0.0335174,0.000107756,0.0170568,1.0,0.000336948,0.0238817,0.0370384,0.339209,0.000933956,0.0279495,0.890528,0.00437594,0.0345702,0.000141879
guesthost_Thr,PA,20,74.0,1,0,3-exp,-5339.54,0.941101,0.00579128,0.00118604,0.00120873,0.999997,0.0025137,0.700706,0.00245314,0.866346,0.00163728,2.13253,0.00833515,0.29481,0.00031757,0.0403079
guesthost_Thr,PA,20,74.0,1,2,3-exp,-5042.75,0.973491,0.00657557,4.26477e-05,0.00443282,0.560329,8.28005,632384.0,0.00443291,0.675581,6.88328,632384.0,0.0128841,0.0851395,0.00127537,0.0309508
guesthost_Thr,PA,20,74.0,1,3,2-exp,-1440.17,0.888467,0.00468064,0.000105245,0.00282713,1.0,0.00201672,3.31084,0.00377293,0.491267,0.00286471,3.40533,0.00377293,0.491267,0.00286471,3.40533
guesthost_Thr,PA,20,74.0,2,0,2-exp,-5740.25,0.956979,0.0228216,0.00018702,0.00289344,1.0,9.90313e-05,0.0304086,0.0825317,0.24146,0.000900566,0.00385714,0.0825317,0.24146,0.000900566,0.00385714
guesthost_Thr,PA,20,74.0,2,1,2-exp,-7914.89,0.996341,0.0575992,0.000103591,0.00259483,0.416781,0.000211039,0.0330424,0.0751813,0.751752,0.000151618,0.0022873,0.0751813,0.751752,0.000151618,0.0022873
guesthost_Thr,PA,20,74.0,2,3,3-exp,-12344.0,0.975646,0.00840127,2.93418e-05,0.00413862,0.801261,0.316574,255592.0,0.00413917,0.650886,0.356418,255592.0,0.0696869,0.0343111,0.00128196,0.000947681
guesthost_Phe,PA,25,19.0,0,1,3-exp,-6212.23,0.994234,0.0250852,9.90494e-05,0.00752517,0.792397,0.000108599,0.00599118,0.0545311,0.271181,0.000783064,0.00391255,0.435531,0.00995206,0.0188793,0.000621988
guesthost_Phe,PA,25,19.0,0,2,3-exp,-1667.56,0.996762,0.0406581,0.0103357,0.0150455,0.706826,0.000616878,0.0192296,0.0644487,0.404279,0.00346691,0.0174124,1.0,0.00396824,3.87096,0.00608304
guesthost_Phe,PA,25,19.0,0,3,3-exp,-1178.66,0.996169,0.0514176,0.00585625,0.0122998,0.879794,0.000801691,0.032328,0.057647,0.596422,0.00199684,0.0241304,1.0,0.00621431,1.4438,0.00373962
guesthost_Phe,PA,25,19.0,1,0,3-exp,-6023.56,0.993453,0.0218148,7.43425e-05,0.00298133,0.584102,0.000189067,0.0204429,0.0168098,0.569865,0.000353427,0.013023,0.115161,0.0911247,0.00139243,0.00205291
guesthost_Phe,PA,25,19.0,1,2,3-exp,-35246.3,0.995734,0.014841,1.32967e-05,0.011733,1.0,6.31574e-05,0.00580733,0.0296631,0.0850517,0.000960702,0.0063795,0.176333,0.00331818,0.00693024,0.000246687
guesthost_Phe,PA,25,19.0,1,3,3-exp,-2009.41,0.994391,0.0274808,0.000217674,0.00504263,0.694442,0.000202922,0.0149313,0.0491248,0.425946,0.00116114,0.00675284,0.277136,0.0110215,0.0626767,0.00338253
guesthost_Phe,PA,25,19.0,2,0,3-exp,-735.769,0.927515,0.00689268,0.00424192,0.00120359,1.0,0.00919579,2.70039,0.0023678,1.0,0.00473566,8.34525,0.0171153,0.194054,0.00144053,0.036394
guesthost_Phe,PA,25,19.0,2,1,3-exp,-35412.6,0.995839,0.0150634,1.22209e-05,0.013081,1.0,0.00025411,0.0620856,0.0222824,0.0670498,0.0063783,0.0594692,0.0583014,0.00837594,0.00748365,0.00408569
guesthost_Phe,PA,25,19.0,2,3,3-exp,-1936.2,0.952111,0.00608508,0.000112986,0.00378127,0.79523,0.996444,1243690.0,0.00378258,0.643324,1.3784,1243690.0,0.0587479,0.0109736,0.0138731,0.00269178
guesthost_Tyr,PA,65,20.0,0,1,3-exp,-3537.03,0.76861,0.0990309,0.00164723,0.0269043,0.845538,0.00192239,0.0316359,0.170465,0.272638,0.0141913,0.0240774,1.0,0.029807,0.0477482,0.00391436
guesthost_Tyr,PA,65,20.0,0,2,1-exp,-324.753,0.145143,5.30842,0.292567,5.30842,0.382195,0.292567,0.00798852,,,,,,,,
guesthost_Tyr,PA,65,20.0,1,0,2-exp,-2720.04,0.815065,0.0047061,6.37349e-05,0.00294769,1.0,0.000150154,0.0400205,0.0202048,0.0870293,0.00107942,0.00829333,0.0202048,0.0870293,0.00107942,0.00829333
guesthost_Tyr,PA,65,20.0,1,2,2-exp,-23922.6,0.990632,0.0104662,1.50217e-05,0.00459305,0.600828,8.67656e-05,0.0070246,0.0131703,0.585151,6.05252e-05,0.00813872,0.0131703,0.585151,6.05252e-05,0.00813872
guesthost_Tyr,PA,65,20.0,1,3,2-exp,-540.238,0.975001,0.00922752,0.000121605,0.00684064,0.951486,0.000487078,0.0452874,0.021256,0.127905,0.00374443,0.0535178,0.021256,0.127905,0.00374443,0.0535178
guesthost_Tyr,PA,65,20.0,2,0,2-exp,-5108.63,0.846859,0.0158484,0.000236906,0.00255868,1.0,0.000193939,0.0715509,0.078172,0.170007,0.00160925,0.00520662,0.078172,0.170007,0.00160925,0.00520662
guesthost_Tyr,PA,65,20.0,2,1,3-exp,-25667.2,0.998929,0.0741989,0.000417819,0.000914448,0.721529,0.000328992,0.70458,0.073386,0.755356,0.000786929,0.0276225,0.108703,0.16657,0.00279554,0.0283417
guesthost_Tyr,PA,65,20.0,2,3,2-exp,-18490.1,0.986848,0.0315167,7.99833e-05,0.00309448,0.944407,4.76706e-05,0.012097,0.0772338,0.37023,0.000247126,0.00181752,0.0772338,0.37023,0.000247126,0.00181752
guesthost_Trp,PA,40,53.0,0,1,3-exp,-32580.0,0.997973,0.0632219,7.17699e-05,0.0222185,0.858391,7.03417e-05,0.00145308,0.161505,0.17502,0.000967866,0.000982519,1.0,0.0158831,0.00604264,0.000204888
guesthost_Trp,PA,40,53.0,0,2,3-exp,-12110.4,0.998714,0.069449,0.000101218,0.0238369,1.0,0.000127304,0.00283946,0.126742,0.173643,0.00183955,0.00247115,0.758126,0.031135,0.00710862,0.000565796
guesthost_Trp,PA,40,53.0,0,3,1-exp,-246.038,0.967704,0.526221,0.0116577,0.526221,0.83821,0.0116577,0.0221309,,,,,,,,
guesthost_Trp,PA,40,53.0,1,0,3-exp,-20948.8,0.982459,0.00761665,2.64909e-05,0.00512426,0.558614,2.41741,285469.0,0.00512442,0.545076,2.49649,285469.0,0.0144722,0.135499,0.000388181,0.0140418
guesthost_Trp,PA,40,53.0,1,2,3-exp,-8187.54,0.958394,0.00570713,0.000278239,0.00148027,0.624912,0.00143156,0.392338,0.00320098,0.822018,0.0010791,0.650918,0.00724219,0.296986,0.000438187,0.0862979
guesthost_Trp,PA,40,53.0,1,3,2-exp,-184.482,0.928427,0.00579207,0.000277257,0.00244753,1.0,0.000984191,0.189541,0.00929051,0.359995,0.00192593,0.175813,0.00929051,0.359995,0.00192593,0.175813
guesthost_Trp,PA,40,53.0,2,0,2-exp,-8595.93,0.989788,0.017135,4.18355e-05,0.0103862,0.845574,2.13664,364280.0,0.0103863,0.804207,2.24057,364280.0,0.0103863,0.804207,2.24057,364280.0
guesthost_Trp,PA,40,53.0,2,1,2-exp,-11793.9,0.990577,0.0169947,4.65587e-05,0.00937723,0.48234,0.00194358,0.512906,0.0124717,1.0,0.000750588,0.522118,0.0124717,1.0,0.000750588,0.522118
guesthost_Trp,PA,40,53.0,2,3,1-exp,-119.466,0.757595,0.00305037,0.000213947,0.00305037,1.1,0.000213947,0.10269,,,,,,,,
guesthost_Phe,PA,50,19.0,0,1,3-exp,-2213.22,0.972684,0.0774506,0.00123803,0.00733269,0.47035,0.000880189,0.0302791,0.0582814,0.592431,0.00175966,0.0195953,1.0,0.0394739,0.0243655,0.00197259
guesthost_Phe,PA,50,19.0,0,2,2-exp,-380.095,0.966106,0.103838,0.00430805,0.0367799,0.925679,0.00169131,0.028761,1.0,0.0697919,0.0604644,0.00634444,1.0,0.0697919,0.0604644,0.00634444
guesthost_Phe,PA,50,19.0,0,3,2-exp,-143.449,0.966751,0.0718919,0.438204,0.0473546,0.984039,0.0109918,0.101447,1.0,0.0252932,22.048,0.134513,1.0,0.0252932,22.048,0.134513
guesthost_Phe,PA,50,19.0,1,0,3-exp,-2095.27,0.984204,0.0130138,0.0312713,0.00238741,0.897237,0.000215379,0.0652977,0.017495,0.527167,0.000624139,0.015835,1.0,0.00164895,21.263,0.00399869
guesthost_Phe,PA,50,19.0,1,2,3-exp,-8581.73,0.993289,0.0116677,2.44534e-05,0.00787129,1.0,0.000294812,0.0744869,0.0169059,0.146337,0.00457942,0.0639182,0.0417635,0.0316659,0.00572516,0.0163628
guesthost_Phe,PA,50,19.0,1,3,2-exp,-842.411,0.994005,0.0278332,0.00016574,0.00507429,0.241702,0.00118292,0.0283735,0.0347098,0.766547,0.000354091,0.0145109,0.0347098,0.766547,0.000354091,0.0145109
guesthost_Phe,PA,50,19.0,2,0,2-exp,-306.19,0.836643,0.00536999,0.000308133,0.0022317,1.0,0.000964032,0.341673,0.0113537,0.276411,0.00174376,0.0909168,0.0113537,0.276411,0.00174376,0.0909168
guesthost_Phe,PA,50,19.0,2,1,2-exp,-10152.0,0.997802,0.0208636,2.38419e-05,0.017896,0.754855,0.00049584,0.0800644,0.0258473,0.284543,0.00107246,0.08152,0.0258473,0.284543,0.00107246,0.08152
guesthost_Phe,PA,50,19.0,2,3,2-exp,-508.877,0.891192,0.00556674,0.000156013,0.00331438,1.0,0.000332183,0.0616147,0.0219536,0.102596,0.00360454,0.0293123,0.0219536,0.102596,0.00360454,0.0293123
guesthost_Leu,PA,60,20.0,0,1,3-exp,-928.594,0.995081,0.0433367,0.0218905,0.0173498,0.946208,0.000907982,0.0302268,0.0780645,0.27564,0.0122115,0.0248608,1.0,0.00540244,6.33808,0.015337
guesthost_Leu,PA,60,20.0,0,2,3-exp,-2095.96,0.997137,0.0387965,0.000393915,0.0136294,0.580767,0.00132604,0.0661262,0.0305162,0.752291,0.00104573,0.0778246,1.0,0.00792402,0.0999734,0.000629047
guesthost_Leu,PA,60,20.0,0,3,1-exp,-16.9279,0.255027,10.0,2.29004,10.0,0.417572,2.29004,0.050024,,,,,,,,
guesthost_Leu,PA,60,20.0,1,0,2-exp,-118.417,0.784082,0.00398499,0.00042227,0.00217255,1.0,0.00151302,0.333856,0.00663887,0.273004,0.00316363,0.370235,0.00663887,0.273004,0.00316363,0.370235
guesthost_Leu,PA,60,20.0,1,2,2-exp,-1010.4,0.985998,0.0102741,0.000113127,0.00251374,0.332663,0.000914731,0.0822028,0.010435,0.904442,0.000182974,0.0390515,0.010435,0.904442,0.000182974,0.0390515
guesthost_Leu,PA,60,20.0,1,3,1-exp,-175.704,0.969378,0.0119075,0.000323566,0.0119075,1.1,0.000323566,0.0408281,,,,,,,,
guesthost_Leu,PA,60,20.0,2,0,2-exp,-610.74,0.789522,0.0037263,0.000432274,0.00151117,1.0,0.000994691,0.366851,0.002951,0.750634,0.000446535,0.599287,0.002951,0.750634,0.000446535,0.599287
guesthost_Leu,PA,60,20.0,2,1,1-exp,-600.498,0.988412,0.0183264,0.000173374,0.0183264,0.989182,0.000173374,0.0125922,,,,,,,,
guesthost_Leu,PA,60,20.0,2,3,3-exp,-3941.2,0.976977,0.00842623,4.9715e-05,0.00483039,0.786653,0.884544,500919.0,0.00483089,0.661918,1.18404,500919.0,0.0256458,0.0557102,0.00127312,0.00641085
guesthost_Trp,PA,20,18.0,0,2,3-exp,-31041.5,0.949283,0.0671497,0.000238791,0.0418837,0.989527,0.000722674,0.0167019,0.11404,0.124304,0.00785357,0.0188434,1.0,0.011529,0.0151988,0.000457787
guesthost_Trp,PA,20,18.0,0,3,3-exp,-1166.15,0.953873,0.270318,0.00391756,0.00828062,0.67039,0.00228719,0.187848,0.234246,0.546296,0.0142677,0.0199935,1.0,0.136799,0.0330717,0.0127339
guesthost_Trp,PA,20,18.0,2,0,2-exp,-57036.0,0.995821,0.0214671,1.55362e-05,0.0141019,1.0,0.00014023,0.0293112,0.0209805,0.351049,0.000264757,0.030821,0.0209805,0.351049,0.000264757,0.030821
guesthost_Trp,PA,20,18.0,2,3,3-exp,-3374.89,0.94573,0.00722996,0.000100669,0.00457574,0.795982,0.981915,837468.0,0.00457636,0.68429,0.812771,837468.0,0.0288038,0.0158379,0.00548004,0.00560504
guesthost_Leu,PA,15,20.0,0,1,3-exp,-2510.21,0.995112,0.0559759,0.000442436,0.0146131,0.693881,0.000433896,0.0114591,0.0700396,0.316631,0.001914,0.0119776,1.0,0.0236595,0.0252979,0.000825378
guesthost_Leu,PA,15,20.0,0,2,3-exp,-1859.64,0.997171,0.0426432,0.000115656,0.0302504,0.54208,74.8909,319594.0,0.0302505,0.500013,81.192,319594.0,0.304355,0.0365344,0.0101247,0.00169134
guesthost_Leu,PA,15,20.0,0,3,3-exp,-1329.64,0.995817,0.0424644,0.000252486,0.00951271,0.543178,0.0023069,0.0952845,0.0283914,0.552825,0.00450909,0.103323,0.0812197,0.265968,0.00352209,0.0362939
guesthost_Leu,PA,15,20.0,1,0,3-exp,-1457.21,0.957267,0.00744036,0.00144758,0.00133418,0.999999,0.0034591,0.840845,0.00289301,0.727644,0.00281979,2.44229,0.0147519,0.271227,0.000668718,0.0319435
guesthost_Leu,PA,15,20.0,1,2,3-exp,-7701.01,0.994522,0.014117,0.00565763,0.000753832,1.0,0.000855255,3.68783,0.0135313,0.98222,6.94828e-05,0.00571205,1.0,7.23541e-05,90.5548,0.000651184
guesthost_Leu,PA,15,20.0,1,3,3-exp,-478.753,0.934587,0.00518668,0.000218663,0.00301315,0.832764,2.34186,2132090.0,0.00301426,0.531556,2.37772,2132090.0,0.0115532,0.0930633,0.00603348,0.126901
guesthost_Leu,PA,15,20.0,2,0,2-exp,-518.917,0.780021,0.0037005,0.000265083,0.00195303,1.0,0.00079615,0.182336,0.0046898,0.372612,0.000839124,0.286027,0.0046898,0.372612,0.000839124,0.286027
guesthost_Leu,PA,15,20.0,2,1,2-exp,-6767.29,0.989316,0.0108024,2.88561e-05,0.00963031,1.0,0.000102518,0.00766807,0.0261545,0.0448123,0.00173086,0.00881883,0.0261545,0.0448123,0.00173086,0.00881883
guesthost_Leu,PA,15,20.0,2,3,2-exp,-2557.07,0.921067,0.00674313,0.000102372,0.00305736,0.999996,0.000532515,0.325852,0.00482651,0.763654,0.000335586,0.374717,0.00482651,0.763654,0.000335586,0.374717
guesthost_Thr,PA,40,20.0,0,1,2-exp,-490.452,0.990851,0.042133,0.00078411,0.0374238,0.892994,0.0010738,0.0133708,0.243422,0.0357973,0.0609379,0.0105522,0.243422,0.0357973,0.0609379,0.0105522
guesthost_Thr,PA,40,20.0,0,2,2-exp,-569.617,0.996128,0.0585735,0.000346747,0.0367303,0.616036,0.00485187,0.140824,0.0706451,0.50883,0.00529119,0.151807,0.0706451,0.50883,0.00529119,0.151807
guesthost_Thr,PA,40,20.0,0,3,2-exp,-157.333,0.975926,0.0466729,0.0012352,0.0252212,1.0,0.00758668,0.274886,0.059344,0.36148,0.017635,0.347859,0.059344,0.36148,0.017635,0.347859
guesthost_Thr,PA,40,20.0,1,0,2-exp,-184.988,0.889992,0.00721867,0.000430184,0.00334973,1.0,0.000488245,0.110128,0.0407085,0.0950403,0.00889648,0.0242246,0.0407085,0.0950403,0.00889648,0.0242246
guesthost_Thr,PA,40,20.0,1,2,1-exp,-384.242,0.97529,0.0170976,0.000272149,0.0170976,0.906755,0.000272149,0.018303,,,,,,,,
guesthost_Thr,PA,40,20.0,1,3,1-exp,-191.054,0.961612,0.0122545,0.000330154,0.0122545,1.07481,0.000330154,0.0392631,,,,,,,,
guesthost_Thr,PA,40,20.0,2,0,2-exp,-116.805,0.689414,0.00354067,0.000552172,0.00231297,1.0,0.00185686,0.248507,0.00785376,0.15632,0.00771774,0.447437,0.00785376,0.15632,0.00771774,0.447437
guesthost_Thr,PA,40,20.0,2,1,2-exp,-362.264,0.980213,0.0207455,0.00031249,0.017105,1.0,0.00172761,0.0862315,0.0469238,0.0775836,0.0240823,0.103394,0.0469238,0.0775836,0.0240823,0.103394
guesthost_Thr,PA,40,20.0,2,3,3-exp,-860.95,0.971669,0.00829652,0.00017534,0.00394346,0.877394,7.02077,2009920.0,0.00394359,0.531475,11.374,2009920.0,0.0329437,0.0831915,0.00330681,0.0143395
guesthost_Trp,PA,80,18.0,0,1,1-exp,-544.223,0.183379,3.43139,0.142697,3.43139,0.385796,0.142697,0.00685998,,,,,,,,
guesthost_Trp,PA,80,18.0,0,2,2-exp,-637.525,0.491159,0.12733,0.00750366,0.0252022,1.0,0.00179452,0.055555,1.0,0.102128,0.0352485,0.00924582,1.0,0.102128,0.0352485,0.00924582
guesthost_Trp,PA,80,18.0,0,3,1-exp,-21.6797,0.471562,10.0,1.1325,10.0,0.57177,1.1325,0.0720159,,,,,,,,
guesthost_Trp,PA,80,18.0,1,0,3-exp,-7883.22,0.981471,0.0100787,3.81458e-05,0.00477355,0.947863,0.000193053,0.0349223,0.0144541,0.158924,0.00249154,0.0355561,0.0471897,0.0690185,0.00195755,0.00848854
guesthost_Trp,PA,80,18.0,1,2,3-exp,-11054.9,0.9944,0.0268715,5.76157e-05,0.00383347,0.640082,9.30691e-05,0.00989903,0.0451568,0.526459,0.000407924,0.00256052,0.176597,0.00365017,0.0561151,0.00225493
guesthost_Trp,PA,80,18.0,1,3,1-exp,-953.913,0.988144,0.0401482,0.000302754,0.0401482,0.995089,0.000302754,0.0102493,,,,,,,,
guesthost_Trp,PA,80,18.0,2,0,3-exp,-4846.17,0.966024,0.00829023,0.000515178,0.00125646,1.0,0.000580563,0.740125,0.00739913,0.533302,0.00117861,0.0721324,0.0139771,0.220917,0.00146126,0.11102
guesthost_Trp,PA,80,18.0,2,1,3-exp,-6731.57,0.988765,0.014679,5.19048e-05,0.0103969,0.990706,0.88227,300184.0,0.010398,0.369925,2.45287,300184.0,0.0376024,0.0141538,0.0115867,0.0111289
guesthost_Trp,PA,80,18.0,2,3,3-exp,-6395.8,0.954634,0.00618826,3.31203e-05,0.00409829,0.649118,0.627792,500364.0,0.00409871,0.776427,0.50059,500364.0,0.0280688,0.0123141,0.00326692,0.00241136
guesthost_Leu,PA,35,20.0,0,1,3-exp,-3013.88,0.997029,0.05265,0.000226407,0.0051411,0.523577,0.000205505,0.0118941,0.060672,0.558143,0.00056409,0.00485319,0.609243,0.0264175,0.0150999,0.000849585
guesthost_Leu,PA,35,20.0,0,2,3-exp,-1460.99,0.906309,0.137495,0.00287962,0.0351353,0.479638,0.0114654,0.158402,0.106567,0.500378,0.0195487,0.171858,1.0,0.0673192,0.0300468,0.00564034
guesthost_Leu,PA,35,20.0,0,3,3-exp,-1395.77,0.996954,0.0879889,0.000640512,0.0139011,0.553161,0.00101199,0.0262615,0.097669,0.685697,0.00135046,0.0110505,1.0,0.0133279,0.110181,0.0015015
guesthost_Leu,PA,35,20.0,1,0,3-exp,-1966.29,0.987916,0.0191993,0.000302242,0.00152495,1.0,0.000453051,0.351257,0.0111611,0.308885,0.00192229,0.0397167,0.037552,0.378855,0.000833355,0.0227721
guesthost_Leu,PA,35,20.0,1,2,2-exp,-4550.29,0.996818,0.0208209,4.17907e-05,0.0140568,0.675934,0.000262243,0.0122675,0.034169,0.331278,0.000426129,0.0136992,0.034169,0.331278,0.000426129,0.0136992
guesthost_Leu,PA,35,20.0,1,3,2-exp,-664.598,0.964829,0.0137973,0.000245167,0.00368936,0.954384,0.000279386,0.0508526,0.0429303,0.23937,0.00155654,0.0129165,0.0429303,0.23937,0.00155654,0.0129165
guesthost_Leu,PA,35,20.0,2,0,3-exp,-1563.28,0.92374,0.00775698,0.000269471,0.00216032,1.0,0.000558364,0.111119,0.00634975,0.414981,0.00117254,0.180816,0.133634,0.0221623,0.0135685,0.00243512
guesthost_Leu,PA,35,20.0,2,1,3-exp,-3285.95,0.986798,0.00956096,8.06714e-05,0.00773529,0.862103,1.25087,455823.0,0.00773592,0.281235,3.89864,455823.0,0.0419687,0.0170779,0.0115706,0.00844032
guesthost_Leu,PA,35,20.0,2,3,3-exp,-4135.11,0.981226,0.00877492,5.01369e-05,0.00407008,1.0,0.000188285,0.0309749,0.0127736,0.309948,0.000889969,0.0376893,0.0815973,0.00913843,0.0142632,0.00273921
guesthost_Thr,PA,80,74.0,0,1,2-exp,-155.448,0.878619,0.109684,0.0123025,0.0111342,1.0,0.00176787,0.139764,1.0,0.09855,0.105893,0.0160384,1.0,0.09855,0.105893,0.0160384
guesthost_Thr,PA,80,74.0,0,2,2-exp,-457.892,0.873654,0.0156715,0.000696993,0.0108928,1.0,0.000731292,0.0637429,0.158573,0.0301352,0.0395183,0.00743075,0.158573,0.0301352,0.0395183,0.00743075
guesthost_Thr,PA,80,74.0,0,3,1-exp,-21.098,0.588696,0.0080823,0.0029697,0.0080823,1.1,0.0029697,0.480957,,,,,,,,
guesthost_Thr,PA,80,74.0,1,0,1-exp,-12.516,0.12259,0.0023216,0.00184373,0.0023216,1.1,0.00184373,0.965571,,,,,,,,
guesthost_Thr,PA,80,74.0,1,2,1-exp,-129.123,0.596097,0.00472982,0.000432441,0.00472982,1.1,0.000432441,0.130534,,,,,,,,
guesthost_Thr,PA,80,74.0,1,3,1-exp,-52.02,0.642118,0.00497383,0.000701363,0.00497383,1.1,0.000701363,0.196429,,,,,,,,
guesthost_Thr,PA,80,74.0,2,0,1-exp,-191.048,0.647537,0.00274059,0.000168796,0.00274059,1.1,0.000168796,0.0896208,,,,,,,,
guesthost_Thr,PA,80,74.0,2,1,1-exp,-89.9687,0.798498,0.00335786,0.000245863,0.00335786,1.1,0.000245863,0.106443,,,,,,,,
guesthost_Thr,PA,80,74.0,2,3,2-exp,-2588.38,0.906091,0.00993414,0.000151833,0.00429758,0.999991,0.00077252,0.476288,0.0062696,0.899037,0.000441663,0.515352,0.0062696,0.899037,0.000441663,0.515352
guesthost_Trp,PA,75,18.0,0,1,2-exp,-4406.93,0.722773,0.0984078,0.00191335,0.0384528,0.983492,0.000801609,0.0169651,1.0,0.0605898,0.0178017,0.00238576,1.0,0.0605898,0.0178017,0.00238576
guesthost_Trp,PA,75,18.0,0,2,3-exp,-8908.12,0.9285,0.0902668,0.000973739,0.022383,0.590703,0.00345495,0.129605,0.0515039,0.541461,0.00498855,0.141314,1.0,0.0491578,0.0114865,0.00145699
guesthost_Trp,PA,75,18.0,0,3,1-exp,-6.66157,0.746367,0.0185176,0.011938,0.0185176,1.1,0.011938,0.685957,,,,,,,,
guesthost_Trp,PA,75,18.0,1,0,3-exp,-10976.9,0.978532,0.0120521,4.67919e-05,0.0048408,1.0,0.00021885,0.0511755,0.013356,0.0494591,0.00866356,0.0544277,0.0551024,0.118883,0.0010232,0.00581725
guesthost_Trp,PA,75,18.0,1,2,2-exp,-17944.9,0.992806,0.0347484,6.1477e-05,0.00325436,0.727934,6.25216e-05,0.0111082,0.0653378,0.495569,0.000145315,0.0017091,0.0653378,0.495569,0.000145315,0.0017091
guesthost_Trp,PA,75,18.0,1,3,2-exp,-323.559,0.979416,0.0281244,0.00055087,0.00402181,0.756686,0.000527362,0.0669756,0.0634469,0.395309,0.00209063,0.0185556,0.0634469,0.395309,0.00209063,0.0185556
guesthost_Trp,PA,75,18.0,2,0,2-exp,-18259.2,0.990561,0.011692,1.81783e-05,0.00702795,0.329055,0.000389419,0.0303242,0.0131422,0.713688,0.000132586,0.0327061,0.0131422,0.713688,0.000132586,0.0327061
guesthost_Trp,PA,75,18.0,2,1,3-exp,-14330.4,0.992939,0.0161812,,0.0121387,0.99924,0.744623,158922.0,0.0121395,0.286731,2.5647,158922.0,0.0430025,0.0132755,0.00486125,0.00429256
guesthost_Trp,PA,75,18.0,2,3,3-exp,-17576.7,0.985286,0.0100207,2.17032e-05,0.00527892,1.0,7.42617e-05,0.00933416,0.0175606,0.233946,0.000458876,0.0103348,0.0773086,0.00819534,0.00424723,0.00101042
guesthost_Leu,PA,40,20.0,0,1,2-exp,-2160.36,0.99727,0.0336375,0.000100274,0.00582496,0.536242,0.00020983,0.0114904,0.0544097,0.560816,0.000258733,0.00454204,0.0544097,0.560816,0.000258733,0.00454204
guesthost_Leu,PA,40,20.0,0,2,2-exp,-105.874,0.226153,0.0986999,0.00823185,0.0582096,1.0,0.0053475,0.0769416,1.0,0.0404903,0.181204,0.0114023,1.0,0.0404903,0.181204,0.0114023
guesthost_Leu,PA,40,20.0,0,3,3-exp,-823.843,0.99576,0.068593,0.0227909,0.0289016,0.678756,0.00293197,0.0610305,0.108301,0.401968,0.0198679,0.0477012,1.0,0.00544243,7.76713,0.0263863
guesthost_Leu,PA,40,20.0,1,0,3-exp,-1289.62,0.982671,0.0171561,0.028026,0.00142855,1.0,0.000477154,0.533436,0.0203176,0.662906,0.000681433,0.0172831,1.0,0.00225885,14.3588,0.00459596
guesthost_Leu,PA,40,20.0,1,2,3-exp,-3465.7,0.99304,0.0128893,3.75285e-05,0.0103999,0.313402,10.2894,403011.0,0.0104002,0.76917,4.14001,403011.0,0.0396952,0.0410739,0.00392451,0.0105561
guesthost_Leu,PA,40,20.0,1,3,2-exp,-564.806,0.985463,0.0155054,0.000208783,0.00237816,0.475328,0.000954685,0.170886,0.0197227,0.728853,0.000370148,0.0252958,0.0197227,0.728853,0.000370148,0.0252958
guesthost_Leu,PA,40,20.0,2,0,2-exp,-517.97,0.73242,0.00340581,0.000159661,0.00225595,1.0,0.000488762,0.127194,0.00547567,0.209996,0.000833934,0.139603,0.00547567,0.209996,0.000833934,0.139603
guesthost_Leu,PA,40,20.0,2,1,2-exp,-3333.17,0.993128,0.0142086,4.50617e-05,0.0126795,1.0,0.000416386,0.064917,0.0230813,0.0662475,0.00549543,0.0688653,0.0230813,0.0662475,0.00549543,0.0688653
guesthost_Leu,PA,40,20.0,2,3,3-exp,-3054.81,0.96546,0.00731501,6.5633e-05,0.00433132,0.846767,0.641581,1072360.0,0.00433176,0.739263,1.04409,1072360.0,0.0573607,0.00775943,0.0106047,0.0016125
guesthost_Trp,PA,60,53.0,0,1,3-exp,-1958.28,0.996692,0.0568885,0.000202446,0.0208833,0.561032,11.4936,560114.0,0.020884,0.550193,11.6241,560114.0,0.351818,0.0957374,0.00522128,0.00210452
guesthost_Trp,PA,60,53.0,0,2,3-exp,-501.324,0.994671,0.0675122,0.000681609,0.0192916,0.581574,9.97949,1142500.0,0.0192936,0.603723,10.2385,1142500.0,0.28747,0.155302,0.0100262,0.00782474
guesthost_Trp,PA,60,53.0,1,0,3-exp,-1233.42,0.9786,0.0104435,0.000229131,0.004702,1.0,0.000520996,0.120679,0.0116623,0.22868,0.002827,0.14014,0.183798,0.0167279,0.0235485,0.00219537
guesthost_Trp,PA,60,53.0,1,2,3-exp,-786.594,0.975649,0.0103876,0.000248366,0.00377274,0.429492,7.25647,2104680.0,0.00377556,0.861893,3.28426,2104680.0,0.0533357,0.103367,0.00318428,0.00954754
guesthost_Trp,PA,60,53.0,1,3,1-exp,-90.7615,0.977475,0.0774779,0.00256656,0.0774779,0.881438,0.00256656,0.0331841,,,,,,,,
guesthost_Trp,PA,60,53.0,2,0,3-exp,-287.959,0.940837,0.0134295,0.138525,0.00846727,0.97296,119735.0,4590200.0,0.00846766,0.110761,1610610.0,4609920.0,0.00846841,0.502259,123228.0,6296690.0
guesthost_Trp,PA,60,53.0,2,1,2-exp,-861.055,0.985423,0.0155953,0.00010525,0.0107327,0.9247,1.54469,881650.0,0.0107335,0.528325,2.89715,881650.0,0.0107335,0.528325,2.89715,881650.0
guesthost_Trp,PA,60,53.0,2,3,1-exp,-32.722,0.719072,0.00320971,0.000503258,0.00320971,1.1,0.000503258,0.213324,,,,,,,,
guesthost_Phe,PA,70,19.0,0,1,3-exp,-1995.31,0.996271,0.0410573,0.000163089,0.0177059,0.562784,4.14771,440144.0,0.0177074,0.589482,3.79812,440144.0,0.201347,0.102582,0.00336637,0.00281096
guesthost_Phe,PA,70,19.0,0,2,3-exp,-1168.65,0.995775,0.0370778,0.000415122,0.0110558,1.0,0.000710096,0.0397524,0.0335585,0.455549,0.00185512,0.0517254,0.501215,0.0214168,0.0350232,0.00151188
guesthost_Phe,PA,70,19.0,0,3,3-exp,-306.323,0.991856,0.0229606,0.00144556,0.0129283,0.681547,56.7715,1374220.0,0.012929,0.755195,51.0811,1374220.0,0.050789,0.0863451,0.0922348,0.311668
guesthost_Phe,PA,70,19.0,1,0,2-exp,-485.32,0.881681,0.00457952,0.000312165,0.00179401,1.0,0.000752953,0.296035,0.00539701,0.51612,0.000640883,0.188135,0.00539701,0.51612,0.000640883,0.188135
guesthost_Phe,PA,70,19.0,1,2,3-exp,-3553.61,0.989095,0.0092434,3.81346e-05,0.00609956,0.993133,0.00304766,2.58255,0.00897936,0.14475,0.0384905,2.45134,0.0205171,0.0919216,0.00762334,0.151191
guesthost_Phe,PA,70,19.0,1,3,1-exp,-424.711,0.97266,0.0109764,0.00017514,0.0109764,1.1,0.00017514,0.0248155,,,,,,,,
guesthost_Phe,PA,70,19.0,2,0,2-exp,-598.875,0.864501,0.00782259,0.000271226,0.00223516,1.0,0.000527836,0.236925,0.0214319,0.260706,0.0014113,0.0295964,0.0214319,0.260706,0.0014113,0.0295964
guesthost_Phe,PA,70,19.0,2,1,1-exp,-3710.08,0.996636,0.0230148,5.25641e-05,0.0230148,0.988094,5.25641e-05,0.00312898,,,,,,,,
guesthost_Phe,PA,70,19.0,2,3,3-exp,-2983.0,0.98613,0.0125829,0.0178653,0.0024878,0.921468,0.000169551,0.0468352,0.01837,0.526731,0.000509739,0.0135682,1.0,0.000614445,33.1062,0.00262093
guesthost_Tyr,PA,30,20.0,0,1,3-exp,-17392.3,0.960224,0.0588172,0.000210538,0.012792,0.65373,0.000299441,0.00792383,0.115386,0.374356,0.00180706,0.00450705,0.463659,0.0156564,0.029004,0.00214192
guesthost_Tyr,PA,30,20.0,0,2,3-exp,-15459.3,0.978279,0.125899,0.000385352,0.00688678,0.250872,0.000832507,0.0261528,0.118435,0.833625,0.000672595,0.00470083,1.0,0.0254415,0.00989741,0.00062603
guesthost_Tyr,PA,30,20.0,0,3,3-exp,-2508.29,0.998279,0.147405,0.000318594,0.0124841,0.165439,0.00295672,0.0256307,0.128491,0.562942,0.0118966,0.15105,0.198814,0.367211,0.0145537,0.158835
guesthost_Tyr,PA,30,20.0,1,0,3-exp,-20873.0,0.979638,0.00818205,8.9238e-05,0.00144267,1.0,0.000130968,0.110832,0.00787177,0.681371,0.000247092,0.0161219,0.0149382,0.0920983,0.000814035,0.0247149
guesthost_Tyr,PA,30,20.0,1,2,2-exp,-20040.6,0.945037,0.006744,2.60555e-05,0.00363133,0.999999,0.000179357,0.146688,0.00519012,0.59973,0.000160282,0.156234,0.00519012,0.59973,0.000160282,0.156234
guesthost_Tyr,PA,30,20.0,1,3,2-exp,-815.534,0.789477,0.00380197,0.000251827,0.00192666,1.0,0.00080033,0.183536,0.0047036,0.398697,0.000751395,0.251769,0.0047036,0.398697,0.000751395,0.251769
guesthost_Tyr,PA,30,20.0,2,0,3-exp,-17369.7,0.986436,0.0645231,0.00018466,0.0016849,1.0,0.000165262,0.141811,0.1026,0.474348,0.00215678,0.0161719,0.191134,0.074138,0.00994686,0.0176113
guesthost_Tyr,PA,30,20.0,2,1,3-exp,-54891.1,0.999659,0.11142,2.49094e-05,0.0528562,0.131675,0.00154777,0.00698948,0.118229,0.833306,0.000498406,0.006184,0.287748,0.02064,0.00438443,0.00128389
guesthost_Tyr,PA,30,20.0,2,3,3-exp,-4177.31,0.82095,0.00405924,5.81231e-05,0.00265351,0.926278,0.778844,2443960.0,0.00265375,0.447235,2.14231,2443960.0,0.0456824,0.00907351,0.00650827,0.00161395
guesthost_Phe,PA,22,19.0,0,1,3-exp,-16534.8,0.996068,0.0223362,4.54723e-05,0.00902823,0.974618,5.3938e-05,0.00318736,0.0513484,0.147451,0.000923491,0.00247753,0.317192,0.0188079,0.00540223,0.000608831
guesthost_Phe,PA,22,19.0,0,2,3-exp,-3390.91,0.995754,0.0232807,8.29309e-05,0.00871294,0.835246,0.000203323,0.0116317,0.0468271,0.29634,0.00414092,0.0245115,0.102581,0.0207303,0.0507999,0.0339989
guesthost_Phe,PA,22,19.0,0,3,2-exp,-1155.1,0.992396,0.0496229,0.000303172,0.0433241,1.0,0.00129853,0.0204667,0.137736,0.0457315,0.0333872,0.0249045,0.137736,0.0457315,0.0333872,0.0249045
guesthost_Phe,PA,22,19.0,1,0,3-exp,-15189.8,0.99363,0.0118617,0.000632912,0.0009565,0.957472,0.000476722,1.03652,0.00567989,0.129409,0.00168904,0.0243606,0.0118771,0.85971,0.000102813,0.0333782
guesthost_Phe,PA,22,19.0,1,2,2-exp,-23978.3,0.993538,0.0117526,1.38392e-05,0.00975167,1.0,9.87012e-05,0.0198218,0.0168558,0.118708,0.000588887,0.0212827,0.0168558,0.118708,0.000588887,0.0212827
guesthost_Phe,PA,22,19.0,1,3,1-exp,-419.097,0.814443,0.00335145,0.000135758,0.00335145,1.1,0.000135758,0.0617968,,,,,,,,
guesthost_Phe,PA,22,19.0,2,0,3-exp,-2715.05,0.990318,0.0172708,0.000569567,0.00119905,1.0,0.000558782,0.835859,0.0105554,0.397723,0.00118731,0.0254026,0.0298322,0.398016,0.000636683,0.0266122
guesthost_Phe,PA,22,19.0,2,1,2-exp,-26120.8,0.995719,0.0141493,1.34465e-05,0.0113042,0.927019,7.56483e-05,0.00875199,0.0217982,0.168364,0.000282491,0.00968413,0.0217982,0.168364,0.000282491,0.00968413
guesthost_Phe,PA,22,19.0,2,3,3-exp,-1223.9,0.948383,0.00606509,6.63424e-05,0.00379969,0.559116,2.51855,2827440.0,0.00380021,0.698703,2.15562,2827440.0,0.0223653,0.057473,0.00356179,0.0189148
guesthost_Phe,PA,27,20.0,0,1,2-exp,-2205.56,0.989792,0.0199299,0.000109119,0.00658916,0.915911,0.000158854,0.014892,0.0513136,0.270783,0.000624918,0.00557167,0.0513136,0.270783,0.000624918,0.00557167
guesthost_Phe,PA,27,20.0,0,2,2-exp,-404.956,0.996245,0.0515676,0.00039961,0.00946801,0.626699,0.000640212,0.0269586,0.0906237,0.503555,0.00132541,0.0115224,0.0906237,0.503555,0.00132541,0.0115224
guesthost_Phe,PA,27,20.0,0,3,1-exp,-246.042,0.981893,0.0643477,0.0011474,0.0643477,0.970974,0.0011474,0.0223246,,,,,,,,
guesthost_Phe,PA,27,20.0,1,0,2-exp,-2200.81,0.991548,0.0117382,0.000264355,0.0012969,0.787753,0.000337028,0.365303,0.0119327,0.898088,7.85121e-05,0.0113843,0.0119327,0.898088,7.85121e-05,0.0113843
guesthost_Phe,PA,27,20.0,1,2,1-exp,-11164.8,0.994497,0.013403,2.15513e-05,0.013403,1.07856,2.15513e-05,0.00253167,,,,,,,,
guesthost_Phe,PA,27,20.0,1,3,1-exp,-86.8876,0.818996,0.00337776,0.000268501,0.00337776,1.1,0.000268501,0.115544,,,,,,,,
guesthost_Phe,PA,27,20.0,2,0,2-exp,-265.441,0.950785,0.0169785,0.411893,0.00829383,1.0,0.000657695,0.0350584,1.0,0.00868467,50.2582,0.0252975,1.0,0.00868467,50.2582,0.0252975
guesthost_Phe,PA,27,20.0,2,1,2-exp,-9896.79,0.990462,0.011769,2.03312e-05,0.0102684,0.184654,1.05864,206162.0,0.0102693,0.961397,0.159622,206162.0,0.0102693,0.961397,0.159622,206162.0
guesthost_Phe,PA,27,20.0,2,3,1-exp,-102.44,0.790824,0.00338025,0.000250966,0.00338025,1.1,0.000250966,0.108484,,,,,,,,
guesthost_Thr,PA,20,7.4,0,1,3-exp,-665.844,0.994558,0.0368872,0.00251015,0.00886941,0.597998,0.00117951,0.0571935,0.0311432,0.587893,0.0022595,0.0656256,1.0,0.0132744,0.414122,0.00366144
guesthost_Thr,PA,20,7.4,0,2,3-exp,-850.36,0.995885,0.0553837,0.000495941,0.0115522,0.461049,0.00661076,0.566624,0.0218377,0.773872,0.00487062,0.599046,0.322641,0.10277,0.00885531,0.00396065
guesthost_Thr,PA,20,7.4,0,3,3-exp,-680.239,0.987839,0.0549021,0.00147825,0.00444086,1.0,0.00170176,0.490752,0.0255469,0.816963,0.00175069,0.071052,0.296228,0.0998906,0.0175726,0.00833594
guesthost_Thr,PA,20,7.4,1,0,3-exp,-215.096,0.846761,0.00480044,0.00507486,0.0013164,1.0,0.0162092,10.6062,0.00249587,1.0,0.0115462,18.0414,0.0177074,0.0558058,0.0229669,0.138309
guesthost_Thr,PA,20,7.4,1,2,2-exp,-228.015,0.950026,0.00632536,0.000254021,0.00430452,0.48924,10.0322,4071730.0,0.00430465,0.9802,4.80207,4071730.0,0.00430465,0.9802,4.80207,4071730.0
guesthost_Thr,PA,20,7.4,1,3,1-exp,-132.178,0.752735,0.00375643,0.000272218,0.00375643,1.1,0.000272218,0.106397,,,,,,,,
guesthost_Thr,PA,20,7.4,2,0,2-exp,-318.046,0.862927,0.00984298,0.00057145,0.00301706,1.0,0.000385514,0.113457,0.0683119,0.0999229,0.00912216,0.0159911,0.0683119,0.0999229,0.00912216,0.0159911
guesthost_Thr,PA,20,7.4,2,1,2-exp,-346.152,0.988579,0.0533868,0.000739654,0.00829423,0.44699,0.00133328,0.0308256,0.102168,0.486253,0.00227812,0.0157466,0.102168,0.486253,0.00227812,0.0157466
guesthost_Thr,PA,20,7.4,2,3,2-exp,-1710.93,0.904439,0.007981,0.000121041,0.00629694,1.0,0.000176817,0.0269197,0.0605907,0.027794,0.00618936,0.00375561,0.0605907,0.027794,0.00618936,0.00375561
guesthost_Ala,PA,60,20.0,0,1,3-exp,-190.993,0.833828,0.0943699,0.0106136,0.00461202,1.0,0.00976975,2.02074,0.00996223,0.988337,0.00842041,2.73376,1.0,0.0799118,0.0764401,0.011347
guesthost_Ala,PA,60,20.0,0,2,2-exp,-326.899,0.940025,0.0292872,0.00102646,0.0118411,1.0,0.00126635,0.0839994,0.134343,0.129863,0.0152477,0.0208511,0.134343,0.129863,0.0152477,0.0208511
guesthost_Ala,PA,60,20.0,0,3,2-exp,-97.1916,0.975387,0.0218082,0.000842765,0.00952431,1.0,0.0036207,0.163008,0.0305097,0.402623,0.00768966,0.24456,0.0305097,0.402623,0.00768966,0.24456
guesthost_Ala,PA,60,20.0,1,0,1-exp,-49.252,0.473216,0.00238448,0.000501844,0.00238448,1.1,0.000501844,0.285379,,,,,,,,
guesthost_Ala,PA,60,20.0,1,2,2-exp,-721.268,0.966927,0.00825333,0.000235087,0.00532484,0.563279,11.2383,2357820.0,0.0053249,0.986678,6.37292,2357820.0,0.0053249,0.986678,6.37292,2357820.0
guesthost_Ala,PA,60,20.0,1,3,2-exp,-142.281,0.935353,0.00798455,,0.00538231,0.994974,3.49052,6380410.0,0.00538277,0.488464,7.32972,6380410.0,0.00538277,0.488464,7.32972,6380410.0
guesthost_Ala,PA,60,20.0,2,0,1-exp,-122.349,0.659956,0.00278204,0.000217707,0.00278204,1.1,0.000217707,0.112915,,,,,,,,
guesthost_Ala,PA,60,20.0,2,1,1-exp,-435.331,0.973429,0.00783179,0.00012028,0.00783179,1.1,0.00012028,0.0239011,,,,,,,,
guesthost_Ala,PA,60,20.0,2,3,2-exp,-2719.63,0.980762,0.0101842,0.00012409,0.00704075,0.993351,0.609849,927232.0,0.00704118,0.453093,1.60919,927232.0,0.00704118,0.453093,1.60919,927232.0
guesthost_Thr,PA,27,74.0,0,1,3-exp,-5148.32,0.997214,0.0251899,5.40514e-05,0.0106096,0.577095,0.000326325,0.0147587,0.0319467,0.538133,0.000499715,0.0164149,0.194089,0.00966356,0.0129412,0.000998317
guesthost_Thr,PA,27,74.0,0,2,3-exp,-3494.84,0.997076,0.0406528,0.000118922,0.0284401,1.0,0.0023375,0.279963,0.045441,0.178761,0.0160084,0.284065,0.334884,0.0122122,0.0264847,0.00167486
guesthost_Thr,PA,27,74.0,0,3,3-exp,-3240.86,0.996367,0.0392931,0.00642201,0.0128584,0.247333,0.00306477,0.0506333,0.0348629,1.0,0.001054,0.0622464,1.0,0.00124994,6.83976,0.00238638
guesthost_Thr,PA,27,74.0,1,0,2-exp,-2709.16,0.956418,0.00718681,0.000380483,0.00129583,1.0,0.000414246,0.538437,0.00798599,0.737664,0.000125471,0.0264823,0.00798599,0.737664,0.000125471,0.0264823
guesthost_Thr,PA,27,74.0,1,2,1-exp,-1756.02,0.980475,0.00703773,4.76268e-05,0.00703773,1.1,4.76268e-05,0.0108201,,,,,,,,
guesthost_Thr,PA,27,74.0,1,3,2-exp,-910.241,0.904868,0.00498227,0.000101331,0.00280238,1.0,0.000372213,0.0605404,0.0091688,0.237751,0.000907135,0.0668653,0.0091688,0.237751,0.000907135,0.0668653
guesthost_Thr,PA,27,74.0,2,0,2-exp,-1088.62,0.859151,0.0108002,0.000324091,0.00289531,1.0,0.000273579,0.0812901,0.0643916,0.122763,0.00341868,0.00890579,0.0643916,0.122763,0.00341868,0.00890579
guesthost_Thr,PA,27,74.0,2,1,1-exp,-2521.83,0.995143,0.0548762,0.000177023,0.0548762,0.922779,0.000177023,0.00396911,,,,,,,,
guesthost_Thr,PA,27,74.0,2,3,3-exp,-2198.6,0.937742,0.00674278,7.53328e-05,0.00320217,0.849469,1.12082,2158000.0,0.00320309,0.543058,2.12505,2158000.0,0.0590976,0.0386341,0.00374463,0.003291
guesthost_Ala,PA,15,20.0,0,2,3-exp,-2522.87,0.996422,0.0397636,0.000310563,0.0177914,0.949821,0.000426356,0.0168438,0.0559351,0.245919,0.00242405,0.0195282,1.0,0.00910947,0.067009,0.000705159
guesthost_Ala,PA,15,20.0,0,3,3-exp,-817.46,0.943342,0.0527981,0.0029686,0.00877,0.591887,0.00643444,0.430998,0.0198775,0.930166,0.00394888,0.552323,1.0,0.0291179,0.0491052,0.00359568
guesthost_Ala,PA,15,20.0,2,0,3-exp,-2199.47,0.990399,0.0223093,0.000127555,0.0032829,0.802456,0.000210609,0.0306279,0.0319775,0.368524,0.00223186,0.0155615,0.0840467,0.0938822,0.00637529,0.0215438
guesthost_Ala,PA,15,20.0,2,3,3-exp,-6003.54,0.98683,0.0119783,5.43005e-05,0.00442976,1.0,0.000253582,0.0453181,0.0130402,0.462769,0.00112264,0.043276,0.0327872,0.0461755,0.00364235,0.0189989
guesthost_Leu,PA,22,20.0,0,1,3-exp,-2508.21,0.997892,0.0596865,0.000362638,0.0122864,0.62015,0.000333005,0.0100668,0.054949,0.386988,0.00109678,0.0107993,1.0,0.0308025,0.0178074,0.000672478
guesthost_Leu,PA,22,20.0,0,2,2-exp,-1296.63,0.994662,0.0571592,0.000308588,0.0423344,0.983168,0.000554836,0.00814803,0.251463,0.0617879,0.011643,0.00450572,0.251463,0.0617879,0.011643,0.00450572
guesthost_Leu,PA,22,20.0,0,3,3-exp,-1153.4,0.99797,0.0523688,0.000788558,0.00561051,0.591519,0.000937044,0.128356,0.0507486,0.932691,0.0011741,0.0100653,0.269178,0.0063799,0.384899,0.0105829
guesthost_Leu,PA,22,20.0,1,0,3-exp,-1552.57,0.980575,0.0162823,0.000389451,0.00150213,1.0,0.000606312,0.43465,0.00794857,0.534066,0.000946789,0.0866264,0.0579024,0.181947,0.00155926,0.0088878
guesthost_Leu,PA,22,20.0,1,2,3-exp,-1206.29,0.991431,0.0166481,0.00020644,0.0068238,0.678295,0.000650802,0.0611194,0.0200119,0.369903,0.00202992,0.0678849,0.207114,0.0222923,0.0264646,0.0035834
guesthost_Leu,PA,22,20.0,1,3,3-exp,-284.256,0.935493,0.00843614,0.000619018,0.00298105,1.0,0.00475313,3.49448,0.00531866,0.390209,0.0130606,3.75807,0.0912114,0.0370535,0.0382975,0.0186798
guesthost_Leu,PA,22,20.0,2,0,2-exp,-271.528,0.682116,0.00907991,0.00975205,0.00285979,1.0,0.000239188,0.0899883,1.0,0.00622012,1.93907,0.0034616,1.0,0.00622012,1.93907,0.0034616
guesthost_Leu,PA,22,20.0,2,1,3-exp,-1051.74,0.985817,0.010622,0.0010422,0.00107625,1.0,0.000800466,1.55185,0.00912747,0.911604,0.000280888,0.0353365,0.187822,0.00652295,0.200149,0.00324126
guesthost_Leu,PA,22,20.0,2,3,3-exp,-2172.65,0.964743,0.00826325,0.000119313,0.00460703,0.656328,1.95708,651361.0,0.00460726,0.789401,1.65296,651361.0,0.123572,0.0129686,0.0122161,0.00111796
guesthost_Ala,PA,50,20.0,0,1,3-exp,-2026.02,0.991545,0.0212295,0.000164215,0.0098511,1.0,0.00301934,1.10041,0.0151569,0.602086,0.00567617,1.1265,0.102912,0.0218897,0.0121987,0.00503927
guesthost_Ala,PA,50,20.0,0,2,3-exp,-3258.59,0.988523,0.0514281,0.000676914,0.00778764,1.0,0.000894426,0.0879952,0.0189596,0.693116,0.00120322,0.123378,1.0,0.0304992,0.0206928,0.000803076
guesthost_Ala,PA,50,20.0,0,3,3-exp,-768.872,0.994516,0.0615929,0.000964017,0.00736488,1.0,0.00073341,0.0748958,0.0439576,0.527136,0.0022294,0.029274,0.725192,0.0428251,0.0558805,0.00376554
guesthost_Ala,PA,50,20.0,1,0,2-exp,-299.873,0.661085,0.00336171,0.000165117,0.00280238,1.0,0.000405914,0.109314,0.0230644,0.024251,0.0216132,0.0273089,0.0230644,0.024251,0.0216132,0.0273089
guesthost_Ala,PA,50,20.0,1,2,2-exp,-3203.35,0.990282,0.0107763,4.09225e-05,0.00822904,1.0,0.000331069,0.076236,0.0147858,0.172275,0.00153171,0.0820872,0.0147858,0.172275,0.00153171,0.0820872
guesthost_Ala,PA,50,20.0,1,3,2-exp,-1123.43,0.98118,0.0117362,0.000248088,0.00998416,0.99461,1.12633,1291960.0,0.00998529,0.180851,4.73264,1291960.0,0.00998529,0.180851,4.73264,1291960.0
guesthost_Ala,PA,50,20.0,2,0,2-exp,-758.184,0.684571,0.00330371,0.000199678,0.00201299,1.0,0.000608617,0.139939,0.00489763,0.263539,0.000806767,0.197058,0.00489763,0.263539,0.000806767,0.197058
guesthost_Ala,PA,50,20.0,2,1,2-exp,-2773.25,0.993939,0.0144554,,0.0128574,0.804291,0.944897,528969.0,0.0128579,0.319981,2.38238,528969.0,0.0128579,0.319981,2.38238,528969.0
guesthost_Ala,PA,50,20.0,2,3,3-exp,-10759.4,0.990513,0.0109015,2.46327e-05,0.00561801,0.732498,0.00037771,0.0930774,0.0119372,0.494335,0.0011152,0.0847953,0.0302419,0.0292742,0.00466191,0.0166029
guesthost_Ala,PA,25,20.0,0,1,3-exp,-2619.49,0.99777,0.0253411,0.000155899,0.0100411,0.294118,0.0011696,0.0401516,0.0256785,0.806258,0.000637938,0.0432875,0.22769,0.00739741,0.0567668,0.00187733
guesthost_Ala,PA,25,20.0,0,2,3-exp,-3520.99,0.996975,0.0377664,0.000134585,0.0182998,1.0,0.000501697,0.0278051,0.0468658,0.279351,0.00228613,0.0323696,0.410389,0.015533,0.0158926,0.00080184
guesthost_Ala,PA,25,20.0,0,3,3-exp,-1388.36,0.997078,0.0358598,0.000335706,0.00820386,0.908586,0.000518315,0.037561,0.0374506,0.65578,0.000944815,0.0212062,0.296472,0.0129743,0.0680626,0.0030684
guesthost_Ala,PA,25,20.0,1,0,2-exp,-1289.99,0.9533,0.00577871,8.68551e-05,0.00261803,1.0,0.000286804,0.0565677,0.00806067,0.392111,0.000405952,0.0582606,0.00806067,0.392111,0.000405952,0.0582606
guesthost_Ala,PA,25,20.0,1,2,2-exp,-1326.37,0.979809,0.00775625,8.19543e-05,0.00290684,0.568434,0.000551873,0.0572732,0.00782484,0.780068,0.00024228,0.0778996,0.00782484,0.780068,0.00024228,0.0778996
guesthost_Ala,PA,25,20.0,1,3,2-exp,-268.233,0.920295,0.00490473,0.000175769,0.00348516,0.92275,4.12898,4417090.0,0.00348529,0.48455,7.45694,4417090.0,0.00348529,0.48455,7.45694,4417090.0
guesthost_Ala,PA,25,20.0,2,0,2-exp,-2378.29,0.982817,0.0220851,0.000165564,0.00244099,1.0,0.00013946,0.0580946,0.0472346,0.415884,0.000467973,0.00636063,0.0472346,0.415884,0.000467973,0.00636063
guesthost_Ala,PA,25,20.0,2,1,3-exp,-1872.59,0.995554,0.0384442,0.000150779,0.00315633,0.331687,0.000654188,0.0420148,0.0284895,0.489254,0.00189511,0.0212075,0.0737014,0.318293,0.00205053,0.0280066
guesthost_Ala,PA,25,20.0,2,3,2-exp,-4062.54,0.899116,0.00788431,9.04623e-05,0.00642965,1.0,9.93861e-05,0.0166834,0.10175,0.0142965,0.0090773,0.00144013,0.10175,0.0142965,0.0090773,0.00144013
guesthost_Trp,PA,30,90.0,0,2,3-exp,-13830.3,0.99864,0.0711472,9.91394e-05,0.0294359,1.0,0.000102701,0.0020379,0.202039,0.120836,0.00246287,0.00117474,1.0,0.0172977,0.0126626,0.000442929
guesthost_Trp,PA,30,90.0,0,3,2-exp,-198.114,0.977455,0.616984,0.0124527,0.305649,0.483322,0.0712568,0.087239,1.0,0.469257,0.0781811,0.0916224,1.0,0.469257,0.0781811,0.0916224
guesthost_Trp,PA,30,90.0,2,0,2-exp,-10707.8,0.993925,0.0195357,5.06486e-05,0.0133199,0.651563,0.60376,220446.0,0.0133205,0.815059,0.520884,220446.0,0.0133205,0.815059,0.520884,220446.0
guesthost_Trp,PA,30,90.0,2,3,1-exp,-92.0482,0.781956,0.00594426,0.000423252,0.00594426,0.808016,0.000423252,0.0626406,,,,,,,,
guesthost_Tyr,PA,80,20.0,0,1,3-exp,-8822.35,0.988472,0.0832181,0.000374121,0.0136823,1.0,0.000214226,0.0105982,0.143973,0.267732,0.00235236,0.00380968,1.0,0.0309897,0.0133437,0.000838412
guesthost_Tyr,PA,80,20.0,0,2,3-exp,-1352.67,0.74923,0.145255,0.00531126,0.00997469,1.0,0.0031928,0.166218,0.0376135,0.374282,0.0135956,0.219196,1.0,0.121202,0.0222984,0.00699329
guesthost_Tyr,PA,80,20.0,1,0,3-exp,-4313.94,0.957627,0.00866851,0.00115108,0.0012756,0.999998,0.00241545,0.645677,0.00282867,0.602402,0.00217344,1.60152,0.0169679,0.335276,0.000320141,0.015297
guesthost_Tyr,PA,80,20.0,1,2,3-exp,-12592.9,0.987228,0.00910493,1.35889e-05,0.00605755,0.676516,0.902398,304516.0,0.00605801,0.433921,1.35973,304516.0,0.0205318,0.11583,0.000443698,0.00822552
guesthost_Tyr,PA,80,20.0,1,3,1-exp,-248.408,0.932033,0.00614017,0.000176755,0.00614017,0.978946,0.000176755,0.0367044,,,,,,,,
guesthost_Tyr,PA,80,20.0,2,0,2-exp,-3523.82,0.892202,0.0105767,0.000139338,0.00248465,1.0,0.000214053,0.0808396,0.0353158,0.229134,0.000751649,0.00785399,0.0353158,0.229134,0.000751649,0.00785399
guesthost_Tyr,PA,80,20.0,2,1,2-exp,-11399.9,0.997288,0.036026,4.7419e-05,0.00254594,0.268718,0.000246592,0.0252327,0.0418276,0.844942,6.30723e-05,0.00207535,0.0418276,0.844942,6.30723e-05,0.00207535
guesthost_Tyr,PA,80,20.0,2,3,3-exp,-18411.8,0.997108,0.027983,2.98999e-05,0.00411044,0.510545,9.16372e-05,0.00580046,0.0336442,0.472849,0.000615753,0.010994,0.0627868,0.158883,0.00112087,0.0134034
guesthost_Thr,PA,70,20.0,0,1,3-exp,-2067.72,0.635054,0.0807604,0.00366695,0.00556529,1.0,0.00443034,0.735164,0.0119148,1.0,0.00368185,1.03382,1.0,0.0632804,0.0208226,0.00383316
guesthost_Thr,PA,70,20.0,0,2,3-exp,-5929.36,0.862395,0.0688903,0.001532,0.0055468,1.0,0.00187271,0.183639,0.0136587,0.918214,0.00158775,0.310868,1.0,0.0508019,0.0131945,0.00152883
guesthost_Thr,PA,70,20.0,0,3,2-exp,-81.4713,0.872311,0.0231877,0.00345137,0.0100402,1.0,0.00210807,0.182678,0.168529,0.0780135,0.0894561,0.0348555,0.168529,0.0780135,0.0894561,0.0348555
guesthost_Thr,PA,70,20.0,1,0,2-exp,-817.03,0.426099,0.00296589,0.00044801,0.00162582,1.0,0.0011216,0.346472,0.00330156,0.405888,0.000734369,0.505546,0.00330156,0.405888,0.000734369,0.505546
guesthost_Thr,PA,70,20.0,1,2,3-exp,-6800.75,0.897378,0.00599545,8.92234e-05,0.00378738,0.675069,0.752498,1248190.0,0.00378809,0.811775,0.633983,1248190.0,0.0436994,0.00832114,0.00576142,0.00151913
guesthost_Thr,PA,70,20.0,1,3,2-exp,-1189.27,0.81763,0.0054293,0.000122315,0.0032556,1.0,0.00126582,1.17104,0.00472154,0.460378,0.00156929,1.23761,0.00472154,0.460378,0.00156929,1.23761
guesthost_Thr,PA,70,20.0,2,0,2-exp,-3845.7,0.663251,0.00305505,3.66856e-05,0.00281211,1.0,6.98665e-05,0.0257276,0.0352814,0.00688593,0.00593016,0.00136117,0.0352814,0.00688593,0.00593016,0.00136117
guesthost_Thr,PA,70,20.0,2,1,3-exp,-4083.95,0.926919,0.00875563,0.00040075,0.00153335,1.0,0.00111131,0.288169,0.00356247,0.698104,0.00104836,0.654889,0.0519076,0.0912256,0.00142541,0.00402113
guesthost_Thr,PA,70,20.0,2,3,3-exp,-54517.5,0.970855,0.0103173,1.40499e-05,0.00575711,0.870673,0.168097,255324.0,0.00575785,0.78356,0.231481,255324.0,0.0437354,0.0181355,0.000729083,0.000588836
guesthost_Thr,PA,30,74.0,0,1,3-exp,-8595.42,0.998646,0.0323013,0.00140298,0.014615,0.389324,0.000540851,0.0176516,0.0361254,0.722732,0.000410569,0.0191203,1.0,0.000502332,3.73416,0.000542458
guesthost_Thr,PA,30,74.0,0,2,3-exp,-8036.52,0.997686,0.0399203,0.000103865,0.0105488,0.472683,0.000432042,0.0109633,0.0360235,0.868795,0.000194985,0.0107248,1.0,0.00363707,0.0236966,0.000115505
guesthost_Thr,PA,30,74.0,0,3,3-exp,-5605.79,0.998298,0.0382909,7.08909e-05,0.0155838,0.613021,0.000618439,0.0257652,0.0374757,0.66008,0.0006493,0.0303448,0.321587,0.0124406,0.00965057,0.000557936
guesthost_Thr,PA,30,74.0,1,0,2-exp,-2874.12,0.912946,0.00720641,8.59917e-05,0.00261594,1.0,0.000172565,0.0558589,0.0199433,0.230176,0.000519776,0.011056,0.0199433,0.230176,0.000519776,0.011056
guesthost_Thr,PA,30,74.0,1,2,3-exp,-3789.78,0.987965,0.0142887,0.00920551,0.00454065,0.672954,0.000214415,0.0151046,0.0235297,0.447381,0.00064096,0.0135837,1.0,0.000706301,15.4278,0.00183819
guesthost_Thr,PA,30,74.0,1,3,3-exp,-2363.31,0.93331,0.00709686,0.000156237,0.00282241,0.327822,4.78941,2152620.0,0.0028237,0.879934,1.50539,2152630.0,0.0223721,0.164801,0.000874077,0.013429
guesthost_Thr,PA,30,74.0,2,0,2-exp,-2432.11,0.83848,0.00659967,0.000122982,0.00291664,1.0,0.000156467,0.0460164,0.0397406,0.0926768,0.00182278,0.00642711,0.0397406,0.0926768,0.00182278,0.00642711
guesthost_Thr,PA,30,74.0,2,1,3-exp,-4685.32,0.994832,0.0285811,0.0010371,0.000956151,1.0,0.000641517,1.72135,0.0288909,0.784079,0.000660387,0.0232125,0.0591244,0.0840985,0.00486958,0.0266413
guesthost_Thr,PA,30,74.0,2,3,3-exp,-5169.22,0.936011,0.00601784,6.63545e-05,0.00307308,0.830648,2.1713,1442950.0,0.00307552,0.499054,3.43977,1442950.0,0.0290855,0.0663678,0.00110982,0.00482936
guesthost_Phe,PA,40,19.0,0,1,3-exp,-1614.63,0.82037,0.122618,0.00415809,0.00412669,0.480736,0.00143155,0.100652,0.0484023,0.582283,0.00367755,0.0385415,1.0,0.09245,0.0224479,0.0057763
guesthost_Phe,PA,40,19.0,0,2,2-exp,-362.873,0.777861,0.173217,0.0101743,0.0527181,0.828558,0.00527655,0.0499255,1.0,0.129537,0.0453945,0.014404,1.0,0.129537,0.0453945,0.014404
guesthost_Phe,PA,40,19.0,0,3,3-exp,-724.031,0.986834,0.104566,0.0017153,0.0187003,0.441504,0.00418081,0.0485515,0.0953501,0.684274,0.00492446,0.0448653,1.0,0.031064,0.0762132,0.00438984
guesthost_Phe,PA,40,19.0,1,0,3-exp,-3427.18,0.981824,0.0152647,0.000162983,0.00175498,1.0,0.000290116,0.14737,0.0105354,0.432026,0.000912032,0.0359745,0.0470562,0.190372,0.00110949,0.0105021
guesthost_Phe,PA,40,19.0,1,2,3-exp,-24469.8,0.994016,0.0126949,1.36065e-05,0.0103391,0.762745,8.43884,133554.0,0.0103391,0.330883,19.4514,133554.0,0.0560458,0.0247614,0.000985054,0.000990661
guesthost_Phe,PA,40,19.0,1,3,2-exp,-1198.06,0.984438,0.0256752,0.000260685,0.00229345,1.0,0.000233425,0.104984,0.0481117,0.485989,0.000619566,0.00972926,0.0481117,0.485989,0.000619566,0.00972926
guesthost_Phe,PA,40,19.0,2,0,2-exp,-606.385,0.88125,0.00649781,0.000179931,0.00264213,1.0,0.000443389,0.130633,0.0186275,0.206989,0.00141878,0.0287636,0.0186275,0.206989,0.00141878,0.0287636
guesthost_Phe,PA,40,19.0,2,1,3-exp,-26910.4,0.99664,0.0172384,1.50515e-05,0.0150944,0.909438,0.000446842,0.0990075,0.0248589,0.126775,0.00591186,0.0932591,0.0643408,0.00558734,0.0238117,0.00736056
guesthost_Phe,PA,40,19.0,2,3,2-exp,-707.398,0.845425,0.00403685,0.000249903,0.00278902,0.931917,2.71367,4102880.0,0.00278911,0.515476,5.42127,4102880.0,0.00278911,0.515476,5.42127,4102880.0
guesthost_Trp,PA,50,53.0,0,1,3-exp,-2555.64,0.997039,0.0464986,0.000224364,0.0120823,0.607253,0.000650374,0.0374435,0.0354332,0.336568,0.00231035,0.0394845,0.359528,0.0757548,0.00565397,0.00194298
guesthost_Trp,PA,50,53.0,0,2,3-exp,-394.104,0.990558,0.0474669,0.00241163,0.00832957,0.847568,0.00208605,0.129277,0.0317187,0.751666,0.00374852,0.125742,0.451198,0.0367138,0.167814,0.0112887
guesthost_Trp,PA,50,53.0,0,3,1-exp,-87.8209,1.0,3.09097,inf,3.09097,0.670452,inf,inf,,,,,,,,
guesthost_Trp,PA,50,53.0,1,0,2-exp,-2105.8,0.992273,0.0140983,6.33754e-05,0.0056116,0.784599,0.000173677,0.0134844,0.0267103,0.362986,0.000332653,0.00956272,0.0267103,0.362986,0.000332653,0.00956272
guesthost_Trp,PA,50,53.0,1,2,2-exp,-620.305,0.974809,0.00807467,0.000138396,0.00248681,0.938086,0.000371113,0.100364,0.0107834,0.532471,0.000394317,0.0446461,0.0107834,0.532471,0.000394317,0.0446461
guesthost_Trp,PA,50,53.0,1,3,1-exp,-21.5839,0.934652,0.0439745,0.00520003,0.0439745,0.72214,0.00520003,0.0695335,,,,,,,,
guesthost_Trp,PA,50,53.0,2,0,3-exp,-324.11,0.970818,0.0164164,0.00779392,0.00901475,0.624434,29767.1,2870250.0,0.00901521,0.968799,21889.6,2368510.0,0.00901842,0.22769,11505.2,3318270.0
guesthost_Trp,PA,50,53.0,2,1,2-exp,-696.119,0.986188,0.0170291,0.000244333,0.010691,0.751158,16.2835,971993.0,0.0106911,0.841671,14.4998,971993.0,0.0106911,0.841671,14.4998,971993.0
guesthost_Trp,PA,50,53.0,2,3,1-exp,-2.44919,-2.22045e-16,0.00650248,0.00622209,0.00650248,0.650213,0.00622209,0.000161845,,,,,,,,
guesthost_Tyr,PA,75,20.0,0,1,3-exp,-3795.47,0.866048,0.0972595,0.00144072,0.0181529,0.997362,0.000847295,0.0300963,0.234931,0.214107,0.0169133,0.0100663,1.0,0.0288543,0.0822213,0.00581445
guesthost_Tyr,PA,75,20.0,0,2,3-exp,-2021.28,0.818718,0.0872195,0.00262068,0.0139087,1.0,0.00229074,0.0948313,0.0500197,0.292694,0.0122465,0.122159,1.0,0.0586703,0.0232931,0.00351489
guesthost_Tyr,PA,75,20.0,1,0,2-exp,-2116.49,0.841834,0.00713555,0.000143647,0.00303612,1.0,0.000174587,0.047294,0.0456587,0.0897842,0.00211951,0.0060106,0.0456587,0.0897842,0.00211951,0.0060106
guesthost_Tyr,PA,75,20.0,1,2,3-exp,-14122.5,0.985164,0.00881551,3.70607e-06,0.00595341,0.440249,4.07287,200534.0,0.00595357,0.669173,2.67142,200534.0,0.018481,0.119613,0.000490113,0.0110016
guesthost_Tyr,PA,75,20.0,1,3,1-exp,-154.096,0.933336,0.0058357,0.000221631,0.0058357,1.1,0.000221631,0.0569538,,,,,,,,
guesthost_Tyr,PA,75,20.0,2,0,2-exp,-3126.1,0.801849,0.00905766,0.000171623,0.00264323,1.0,0.000215401,0.0742359,0.0496193,0.129273,0.00166117,0.00651861,0.0496193,0.129273,0.00166117,0.00651861
guesthost_Tyr,PA,75,20.0,2,1,3-exp,-13717.7,0.998169,0.0486121,5.71066e-05,0.00195029,0.39885,0.000175912,0.0446914,0.0564046,0.795624,0.000238774,0.00220325,0.150708,0.0196229,0.006721,0.00265673
guesthost_Tyr,PA,75,20.0,2,3,3-exp,-20073.8,0.996677,0.0375412,4.28637e-05,0.0034364,0.581068,8.09337e-05,0.00803879,0.0414105,0.257244,0.00190771,0.0232829,0.070667,0.352241,0.000975355,0.0254554
guesthost_Phe,PA,35,19.0,0,1,3-exp,-6789.44,0.977836,0.0578083,0.000621991,0.00677882,0.699912,0.000236825,0.0123342,0.0526428,0.37136,0.00125234,0.00875258,1.0,0.0335143,0.0137043,0.000988866
guesthost_Phe,PA,35,19.0,0,2,3-exp,-1396.87,0.995093,0.05273,0.000243191,0.0069653,0.365133,0.0008976,0.0260829,0.0551416,0.622924,0.00303488,0.0286624,0.128966,0.122806,0.0121422,0.0373477
guesthost_Phe,PA,35,19.0,0,3,2-exp,-745.134,0.995373,0.08426,0.000533928,0.0320453,0.805811,0.00107244,0.0156553,0.192181,0.304075,0.00342285,0.00955828,0.192181,0.304075,0.00342285,0.00955828
guesthost_Phe,PA,35,19.0,1,0,3-exp,-8252.7,0.992142,0.0136671,6.59428e-05,0.00187727,0.752831,0.000194382,0.0591607,0.00990706,0.416697,0.000635926,0.0174816,0.0244799,0.33193,0.000356538,0.0175743
guesthost_Phe,PA,35,19.0,1,2,3-exp,-41674.9,0.993104,0.0114412,1.66052e-05,0.00993565,0.765259,0.299664,116105.0,0.00993605,0.376825,0.597996,116105.0,0.093726,0.00100011,0.00840589,0.000121372
guesthost_Phe,PA,35,19.0,1,3,2-exp,-1042.79,0.966595,0.0122381,0.000175292,0.00310941,1.0,0.000206501,0.0532109,0.0349614,0.261109,0.000978565,0.0116791,0.0349614,0.261109,0.000978565,0.0116791
guesthost_Phe,PA,35,19.0,2,0,2-exp,-792.095,0.938107,0.0087363,0.000238288,0.00199565,1.0,0.000481845,0.266319,0.0159948,0.421426,0.000558753,0.0270684,0.0159948,0.421426,0.000558753,0.0270684
guesthost_Phe,PA,35,19.0,2,1,2-exp,-47659.0,0.996661,0.0170552,1.07923e-05,0.0147724,0.882821,0.00011673,0.020415,0.02263,0.177367,0.000427545,0.0211154,0.02263,0.177367,0.000427545,0.0211154
guesthost_Phe,PA,35,19.0,2,3,3-exp,-838.883,0.901607,0.00515545,0.000218023,0.00318725,0.788431,6.17963,4111010.0,0.00318752,0.438313,13.1517,4111010.0,0.0187949,0.0662621,0.00655548,0.0479459
guesthost_Trp,PA,30,18.0,0,2,3-exp,-77620.8,0.989876,0.0626726,9.3109e-05,0.0335703,0.916319,0.000396617,0.0174157,0.0719304,0.214945,0.00209567,0.0186736,1.0,0.0164504,0.00425066,0.000158673
guesthost_Trp,PA,30,18.0,0,3,3-exp,-1243.62,0.996042,0.386872,0.00189251,0.015057,0.347453,0.00230658,0.0343323,0.46197,0.653362,0.0243104,0.0498997,1.0,0.0798067,0.208253,0.0544567
guesthost_Trp,PA,30,18.0,2,0,2-exp,-92502.8,0.995778,0.0204025,1.25563e-05,0.0137922,1.0,0.000694603,0.611284,0.0158552,0.416915,0.00141415,0.612918,0.0158552,0.416915,0.00141415,0.612918
guesthost_Trp,PA,30,18.0,2,3,2-exp,-3094.72,0.977513,0.00892565,4.96608e-05,0.00557642,0.968478,0.000251673,0.0473497,0.0121402,0.290357,0.000621282,0.0551418,0.0121402,0.290357,0.000621282,0.0551418
guesthost_Leu,PA,70,20.0,0,1,1-exp,-27.0151,0.19782,1.64121,0.346452,1.64121,0.399018,0.346452,0.034794,,,,,,,,
guesthost_Leu,PA,70,20.0,0,2,3-exp,-297.292,0.983678,0.0515029,0.00151254,0.0106828,0.784619,12.8742,2037050.0,0.0106924,0.787884,12.2224,2037050.0,0.315682,0.10991,0.0289324,0.0119378
guesthost_Leu,PA,70,20.0,0,3,2-exp,-81.8303,0.966123,0.121821,0.0101167,0.0122698,1.0,0.00213175,0.145533,0.609405,0.179767,0.0800693,0.0186477,0.609405,0.179767,0.0800693,0.0186477
guesthost_Leu,PA,70,20.0,1,0,1-exp,-63.4677,0.660654,0.00305087,0.000304819,0.00305087,1.1,0.000304819,0.140805,,,,,,,,
guesthost_Leu,PA,70,20.0,1,2,2-exp,-410.389,0.975732,0.00921812,0.000159026,0.00648473,0.999999,0.0445963,123.143,0.00719492,0.379907,0.113852,123.202,0.00719492,0.379907,0.113852,123.202
guesthost_Leu,PA,70,20.0,1,3,1-exp,-190.044,0.944049,0.00733266,0.0002425,0.00733266,1.1,0.0002425,0.0500455,,,,,,,,
guesthost_Leu,PA,70,20.0,2,0,1-exp,-43.198,0.3597,0.00413938,0.000613644,0.00413938,0.77015,0.000613644,0.102666,,,,,,,,
guesthost_Leu,PA,70,20.0,2,1,1-exp,-212.1,0.962362,0.00868404,0.000219887,0.00868404,0.991393,0.000219887,0.032676,,,,,,,,
guesthost_Leu,PA,70,20.0,2,3,3-exp,-1178.66,0.984677,0.00992781,0.000368459,0.00493977,1.0,0.000573065,0.127992,0.01386,0.294951,0.00423004,0.132326,0.0862614,0.0104337,0.121905,0.0178841
guesthost_Thr,PA,10,74.0,0,2,3-exp,-7629.46,0.984336,0.0360448,0.000369753,0.00715542,1.0,0.000445772,0.054189,0.0173141,0.615115,0.000692845,0.070148,1.0,0.0182392,0.0171081,0.000422402
guesthost_Thr,PA,10,74.0,0,3,3-exp,-1415.4,0.987796,0.0224734,0.00048235,0.00529247,1.0,0.00156265,0.255979,0.0114874,1.0,0.00131855,0.363357,0.148677,0.0382943,0.0090776,0.00347944
guesthost_Thr,PA,10,74.0,2,0,3-exp,-8342.68,0.989295,0.0166086,7.17047e-05,0.00362916,0.726995,0.000426969,0.123919,0.00799252,0.531383,0.000746972,0.138778,0.0970919,0.100143,0.0010588,0.00192175
guesthost_Thr,PA,10,74.0,2,3,3-exp,-55043.4,0.986566,0.0128051,1.78472e-05,0.00706225,0.855292,0.214934,146558.0,0.00706281,0.829235,0.227996,146558.0,0.0905451,0.0100293,0.00121087,0.000209902
guesthost_Ala,PA,22,20.0,0,1,3-exp,-1008.51,0.996969,0.0309482,0.00021727,0.0110537,0.451401,0.00125748,0.0559692,0.0329803,0.555138,0.00217464,0.0568369,0.210152,0.036402,0.0226737,0.00590815
guesthost_Ala,PA,22,20.0,0,2,3-exp,-3200.21,0.998206,0.0351477,0.00172244,0.0170054,1.0,0.00035425,0.0163404,0.0522091,0.302741,0.0020428,0.0189094,0.842731,0.00277257,0.999449,0.0015402
guesthost_Ala,PA,22,20.0,0,3,3-exp,-1127.1,0.99423,0.0513689,0.000897557,0.00817083,0.844364,0.00091763,0.0529897,0.030511,0.704656,0.00125434,0.0518828,1.0,0.0229699,0.0654568,0.00144058
guesthost_Ala,PA,22,20.0,1,0,3-exp,-482.137,0.9416,0.00578199,0.00191565,0.00134458,0.999999,0.00457326,1.11212,0.00316857,0.764143,0.00495056,2.83285,0.00947675,0.212749,0.00321026,0.239507
guesthost_Ala,PA,22,20.0,1,2,2-exp,-716.098,0.977122,0.00764666,0.000111972,0.00280577,0.791462,0.000471321,0.0679771,0.00890104,0.609592,0.000383991,0.0732868,0.00890104,0.609592,0.000383991,0.0732868
guesthost_Ala,PA,22,20.0,1,3,1-exp,-86.2781,0.897537,0.00448718,0.000285232,0.00448718,1.1,0.000285232,0.0925077,,,,,,,,
guesthost_Ala,PA,22,20.0,2,0,3-exp,-2078.47,0.984586,0.0318911,0.000619526,0.00258105,1.0,0.000151075,0.0548263,0.0540308,0.385759,0.00116874,0.00705297,0.91257,0.00927833,0.134117,0.00125899
guesthost_Ala,PA,22,20.0,2,1,3-exp,-1025.27,0.995108,0.0455279,0.00059998,0.0114227,0.417798,0.00111182,0.0222915,0.0563909,0.574481,0.00195028,0.0215232,0.410333,0.0203737,0.0852534,0.00474061
guesthost_Ala,PA,22,20.0,2,3,3-exp,-6560.01,0.984492,0.0133798,7.29942e-05,0.00450835,1.0,0.000298117,0.0738224,0.010478,0.480354,0.000693028,0.0878759,0.115906,0.0331161,0.00273561,0.0012284
guesthost_Phe,PA,10,20.0,0,3,2-exp,-1584.44,0.841504,0.165056,0.00518241,0.0195156,1.0,0.000937782,0.0371359,1.0,0.145541,0.0195892,0.00647291,1.0,0.145541,0.0195892,0.00647291
guesthost_Trp,PA,10,18.0,0,2,3-exp,-15343.0,0.999176,0.0632645,4.15008e-05,0.0466573,0.79645,0.000467919,0.0149778,0.0974315,0.234813,0.00243587,0.0151045,0.403958,0.00798614,0.0161842,0.000746442
guesthost_Trp,PA,10,18.0,0,3,3-exp,-1639.45,0.997482,0.134849,0.000585441,0.00849446,0.442446,0.000930114,0.0450379,0.128166,0.755577,0.00126378,0.00635122,1.0,0.0342519,0.0326839,0.00163146
guesthost_Trp,PA,10,18.0,2,0,2-exp,-9550.01,0.987677,0.0130398,4.64698e-05,0.00949389,0.904867,0.560704,256202.0,0.00949423,0.468608,1.0837,256202.0,0.00949423,0.468608,1.0837,256202.0
guesthost_Trp,PA,10,18.0,2,3,2-exp,-1560.05,0.958264,0.00723325,9.24886e-05,0.00358216,1.0,0.000335393,0.0663326,0.0084187,0.433688,0.000433867,0.0863996,0.0084187,0.433688,0.000433867,0.0863996
guesthost_Leu,PA,50,20.0,0,1,3-exp,-2490.6,0.994439,0.0621581,0.00040803,0.0461057,0.691464,28.1501,340838.0,0.0461063,0.341984,56.9665,340838.0,0.999999,0.01451,0.0415392,0.000938495
guesthost_Leu,PA,50,20.0,0,2,2-exp,-933.714,0.989791,0.060365,0.00111936,0.0385586,1.0,0.000510464,0.0123038,1.0,0.0218064,0.0846156,0.00167796,1.0,0.0218064,0.0846156,0.00167796
guesthost_Leu,PA,50,20.0,0,3,2-exp,-268.102,0.958622,0.113153,0.00599192,0.0366309,0.913565,0.00222631,0.0361215,1.0,0.0796881,0.0775689,0.00931906,1.0,0.0796881,0.0775689,0.00931906
guesthost_Leu,PA,50,20.0,1,0,2-exp,-465.067,0.819744,0.00482535,0.000169396,0.00291026,1.0,0.000378863,0.0981498,0.022185,0.0863237,0.00375886,0.0240935,0.022185,0.0863237,0.00375886,0.0240935
guesthost_Leu,PA,50,20.0,1,2,3-exp,-2333.84,0.989761,0.0150678,0.0115897,0.00342299,0.930723,0.000146715,0.0251494,0.02599,0.398373,0.000743637,0.0100687,1.0,0.00152819,9.00318,0.00236097
guesthost_Leu,PA,50,20.0,1,3,2-exp,-925.027,0.977539,0.0153818,0.000190676,0.00256457,0.950435,0.000281893,0.0932658,0.0287101,0.450865,0.000559011,0.0146033,0.0287101,0.450865,0.000559011,0.0146033
guesthost_Leu,PA,50,20.0,2,0,2-exp,-210.677,0.527755,0.00845525,0.451211,0.00267603,1.0,0.000437577,0.141691,1.0,0.00577922,80.8455,0.0162849,1.0,0.00577922,80.8455,0.0162849
guesthost_Leu,PA,50,20.0,2,1,2-exp,-1796.63,0.996034,0.0209072,7.14376e-05,0.00897023,0.296035,0.000883287,0.0229794,0.0247091,0.738661,0.000293153,0.0260265,0.0247091,0.738661,0.000293153,0.0260265
guesthost_Leu,PA,50,20.0,2,3,3-exp,-1455.76,0.924856,0.00593971,0.000215878,0.00278755,0.85974,1.65098,1874610.0,0.00278816,0.572411,1.26905,1874610.0,0.0291496,0.0667993,0.00232821,0.0090831
guesthost_Leu,PA,25,20.0,0,1,3-exp,-1970.73,0.995628,0.0581754,0.000279586,0.0126986,0.37808,0.00127592,0.022559,0.0559457,0.68464,0.00163767,0.0225797,0.398531,0.037818,0.0258266,0.00380291
guesthost_Leu,PA,25,20.0,0,2,3-exp,-2777.36,0.99618,0.0824946,0.000382285,0.0060651,0.253226,0.00126809,0.0587443,0.0570058,0.936124,0.00053562,0.00925249,0.648777,0.0425328,0.014368,0.00127151
guesthost_Leu,PA,25,20.0,0,3,3-exp,-1495.68,0.995055,0.0594871,0.000272629,0.0408589,0.709756,47.8358,456705.0,0.0408595,0.40842,83.2089,456705.0,0.310659,0.0444198,0.0256077,0.00604952
guesthost_Leu,PA,25,20.0,1,0,2-exp,-665.629,0.880202,0.00589221,0.000179553,0.00235447,1.0,0.000439729,0.148887,0.0136577,0.259029,0.00108988,0.0424197,0.0136577,0.259029,0.00108988,0.0424197
guesthost_Leu,PA,25,20.0,1,2,3-exp,-1922.97,0.987447,0.0106239,0.000296126,0.00158318,0.751621,0.00041873,0.234882,0.0105132,0.826614,0.000432597,0.0278461,0.0815031,0.00912356,0.090235,0.00934641
guesthost_Leu,PA,25,20.0,1,3,2-exp,-255.087,0.787293,0.00385539,0.000458107,0.00210451,1.0,0.00187202,0.258045,0.00476618,0.367357,0.00202598,0.68396,0.00476618,0.367357,0.00202598,0.68396
guesthost_Leu,PA,25,20.0,2,0,2-exp,-783.76,0.762301,0.00337433,0.000172505,0.00306221,1.0,0.000181187,0.0534199,0.0428435,0.00728528,0.0529146,0.00697778,0.0428435,0.00728528,0.0529146,0.00697778
guesthost_Leu,PA,25,20.0,2,1,2-exp,-1593.86,0.983565,0.0100871,0.000632007,0.0011357,1.0,0.000527272,0.951494,0.0104288,0.858336,0.000113596,0.0185185,0.0104288,0.858336,0.000113596,0.0185185
guesthost_Leu,PA,25,20.0,2,3,3-exp,-4452.8,0.975759,0.00806715,6.27193e-05,0.00395386,1.0,0.000864136,0.64436,0.0064373,0.402739,0.00229245,0.667435,0.0716441,0.0212263,0.0039156,0.0020377
guesthost_Phe,PA,15,19.0,0,1,3-exp,-1382.38,0.968576,0.00749427,0.000116351,0.00434998,0.663022,1.67374,1485490.0,0.00435049,0.542989,2.18622,1485490.0,0.0372542,0.0603388,0.00327732,0.00919257
guesthost_Phe,PA,15,19.0,0,2,2-exp,-184.867,0.992856,0.0633416,0.00167172,0.0329355,0.965536,0.00168956,0.0261031,0.291768,0.108104,0.0403026,0.0162365,0.291768,0.108104,0.0403026,0.0162365
guesthost_Phe,PA,15,19.0,0,3,1-exp,-174.388,0.985709,0.044588,0.000870943,0.044588,1.09893,0.000870943,0.0290807,,,,,,,,
guesthost_Phe,PA,15,19.0,1,0,3-exp,-2312.37,0.996691,0.0463271,0.000328928,0.00225435,0.443461,0.000321918,0.0703617,0.0516322,0.786447,0.000347224,0.00495902,0.689798,0.00684463,0.0928084,0.000757593
guesthost_Phe,PA,15,19.0,1,2,3-exp,-15745.7,0.996095,0.0168298,1.61931e-05,0.0155698,0.737041,0.478271,134917.0,0.0155706,0.309605,1.09172,134917.0,0.24092,0.00221442,0.0145074,0.000140249
guesthost_Phe,PA,15,19.0,1,3,2-exp,-671.855,0.993704,0.0275296,0.000188592,0.0131185,0.705446,0.000781372,0.0243807,0.0467334,0.391052,0.00134573,0.0264458,0.0467334,0.391052,0.00134573,0.0264458
guesthost_Phe,PA,15,19.0,2,0,1-exp,-48.4242,0.696448,0.00442803,0.000494141,0.00442803,0.920159,0.000494141,0.115555,,,,,,,,
guesthost_Phe,PA,15,19.0,2,1,2-exp,-13325.4,0.990565,0.0116549,2.13968e-05,0.00982704,1.0,0.000148907,0.0347938,0.0156803,0.116573,0.000800679,0.0369429,0.0156803,0.116573,0.000800679,0.0369429
guesthost_Phe,PA,15,19.0,2,3,2-exp,-907.52,0.975125,0.0071768,8.89044e-05,0.00423843,0.942388,0.00126132,0.722781,0.00687429,0.462964,0.00213139,0.764741,0.00687429,0.462964,0.00213139,0.764741
guesthost_Tyr,PA,20,20.0,0,1,3-exp,-10404.4,0.879359,0.0456424,0.000544799,0.012987,0.733538,0.000589357,0.0184493,0.0591147,0.352214,0.00206377,0.0186467,1.0,0.0152949,0.0228146,0.00076932
guesthost_Tyr,PA,20,20.0,0,2,3-exp,-30838.7,0.969918,0.0462218,0.000169305,0.0131872,0.799005,0.000185114,0.00600923,0.0768918,0.322101,0.000794491,0.00445459,1.0,0.0109182,0.0149309,0.000267492
guesthost_Tyr,PA,20,20.0,0,3,3-exp,-7409.7,0.999298,0.079609,9.438e-05,0.0316388,0.733497,0.000275292,0.00390433,0.118816,0.380352,0.00081541,0.00431471,0.948891,0.0118139,0.0156057,0.000277947
guesthost_Tyr,PA,20,20.0,1,0,3-exp,-16278.4,0.963094,0.00613472,0.00118401,0.000878698,0.999999,0.000779179,2.02389,0.00383504,1.0,0.000272821,0.0510459,0.00738216,0.19249,0.00045173,0.0616312
guesthost_Tyr,PA,20,20.0,1,2,2-exp,-23642.3,0.964631,0.00651894,1.9087e-05,0.00388914,1.0,0.000272401,0.383239,0.00498906,0.527113,0.000348623,0.390993,0.00498906,0.527113,0.000348623,0.390993
guesthost_Tyr,PA,20,20.0,1,3,2-exp,-791.302,0.751333,0.00367162,0.000603688,0.00159945,1.0,0.00157798,0.310672,0.00314019,0.659887,0.000722437,0.828462,0.00314019,0.659887,0.000722437,0.828462
guesthost_Tyr,PA,20,20.0,2,0,3-exp,-45413.0,0.994164,0.0558785,5.7909e-05,0.00777658,0.512402,8.85229e-05,0.00241977,0.0938644,0.355415,0.00109355,0.00500104,0.184704,0.100338,0.00244677,0.00583403
guesthost_Tyr,PA,20,20.0,2,1,2-exp,-51967.5,0.999328,0.0576725,1.88644e-05,0.0148857,0.479875,5.78538e-05,0.00104421,0.0881464,0.573243,5.15122e-05,0.000662313,0.0881464,0.573243,5.15122e-05,0.000662313
guesthost_Tyr,PA,20,20.0,2,3,3-exp,-11033.7,0.923616,0.00536225,3.77117e-05,0.00375043,0.751711,0.359821,571752.0,0.00375102,0.462776,0.672363,571752.0,0.0450788,0.0179048,0.00193157,0.00123341
guesthost_Phe,PA,60,19.0,0,1,2-exp,-1537.95,0.955221,0.0635705,0.00132916,0.0395719,0.915357,0.000676824,0.0136536,1.0,0.0273481,0.0337354,0.00165102,1.0,0.0273481,0.0337354,0.00165102
guesthost_Phe,PA,60,19.0,0,2,3-exp,-899.943,0.994047,0.0536468,0.00108246,0.0118604,0.46579,0.00159346,0.0333714,0.0520188,0.694283,0.00176395,0.0350786,1.0,0.0120066,0.208952,0.0021726
guesthost_Phe,PA,60,19.0,0,3,2-exp,-210.941,0.980927,0.0629788,0.0511769,0.0405625,1.0,0.00312366,0.0320996,1.0,0.0224163,3.20419,0.0235706,1.0,0.0224163,3.20419,0.0235706
guesthost_Phe,PA,60,19.0,1,0,2-exp,-1346.94,0.968384,0.00763891,0.000137235,0.00193478,1.0,0.000264538,0.140103,0.0103255,0.552432,0.000229795,0.0268592,0.0103255,0.552432,0.000229795,0.0268592
guesthost_Phe,PA,60,19.0,1,2,2-exp,-6723.98,0.991855,0.0108308,2.69271e-05,0.00708226,1.0,8.21979e-05,0.00739272,0.0215183,0.174203,0.000342585,0.00776301,0.0215183,0.174203,0.000342585,0.00776301
guesthost_Phe,PA,60,19.0,1,3,2-exp,-600.167,0.989929,0.0177929,0.000215494,0.0151218,0.493159,4.55644,1180080.0,0.0151226,0.683443,3.3254,1180080.0,0.0151226,0.683443,3.3254,1180080.0
guesthost_Phe,PA,60,19.0,2,0,2-exp,-436.467,0.863336,0.00656761,0.000217233,0.00278266,1.0,0.000463921,0.135719,0.0229875,0.164653,0.0022194,0.0249899,0.0229875,0.164653,0.0022194,0.0249899
guesthost_Phe,PA,60,19.0,2,1,3-exp,-8103.63,0.998109,0.0247598,5.57812e-05,0.0232085,0.526195,2.58065,148939.0,0.0232098,0.492068,2.85212,148939.0,0.0746499,0.015094,0.0104618,0.00614997
guesthost_Phe,PA,60,19.0,2,3,3-exp,-1241.98,0.954789,0.00959253,0.000188691,0.00277517,0.829543,6.13137,2540910.0,0.00277921,0.396609,13.0739,2540910.0,0.0305541,0.202531,0.00124082,0.0158061
guesthost_Trp,PA,70,53.0,0,1,3-exp,-4226.98,0.980881,0.127181,0.00102031,0.0247539,0.716165,0.00127685,0.0236179,0.108677,0.299463,0.00731646,0.0256979,1.0,0.0769083,0.0141648,0.00225304
guesthost_Trp,PA,70,53.0,0,2,3-exp,-977.311,0.900894,0.100203,0.00357821,0.0135004,0.826864,0.00274814,0.0883047,0.0666289,0.427629,0.009798,0.0817869,1.0,0.060548,0.0356234,0.00553536
guesthost_Trp,PA,70,53.0,0,3,1-exp,-10.5676,0.587534,2.11528,0.669877,2.11528,0.508269,0.669877,0.0898445,,,,,,,,
guesthost_Trp,PA,70,53.0,1,0,3-exp,-4252.42,0.990042,0.0128499,5.63408e-05,0.00555521,0.966019,0.000166806,0.0194374,0.0201494,0.225326,0.00144947,0.0211862,0.0975825,0.0301621,0.00524535,0.00336238
guesthost_Trp,PA,70,53.0,1,2,2-exp,-2803.51,0.989348,0.0269406,0.000150041,0.0033689,0.908909,0.000119237,0.0257234,0.0622139,0.383814,0.000483392,0.00456124,0.0622139,0.383814,0.000483392,0.00456124
guesthost_Trp,PA,70,53.0,1,3,1-exp,-463.365,0.984214,0.0699234,0.000852121,0.0699234,1.07098,0.000852121,0.0182061,,,,,,,,
guesthost_Trp,PA,70,53.0,2,0,2-exp,-2059.81,0.983733,0.0114047,6.56183e-05,0.00939305,1.0,0.00138524,0.636211,0.0131611,0.152851,0.00753219,0.646566,0.0131611,0.152851,0.00753219,0.646566
guesthost_Trp,PA,70,53.0,2,1,2-exp,-2295.32,0.98849,0.0162506,0.000144485,0.0113733,0.999577,0.887066,703501.0,0.0113739,0.42923,2.33166,703501.0,0.0113739,0.42923,2.33166,703501.0
guesthost_Trp,PA,70,53.0,2,3,2-exp,-315.788,0.769739,0.00369227,0.000799982,0.00155502,1.0,0.00198781,0.497106,0.00319394,0.669157,0.00102746,1.04996,0.00319394,0.669157,0.00102746,1.04996
guesthost_Phe,PA,90,20.0,0,1,2-exp,-237.877,0.992655,0.112675,0.00158846,0.0126544,0.679245,0.00161949,0.0588115,0.220586,0.471833,0.00499479,0.014195,0.220586,0.471833,0.00499479,0.014195
guesthost_Phe,PA,90,20.0,0,2,1-exp,-61.012,0.264526,4.61603,0.592073,4.61603,0.402114,0.592073,0.0254029,,,,,,,,
guesthost_Phe,PA,90,20.0,0,3,1-exp,-51.7571,0.888691,0.140637,0.0111295,0.140637,0.869003,0.0111295,0.0753469,,,,,,,,
guesthost_Phe,PA,90,20.0,1,0,1-exp,-65.3015,0.816506,0.00321982,0.000325398,0.00321982,1.1,0.000325398,0.144575,,,,,,,,
guesthost_Phe,PA,90,20.0,1,2,1-exp,-99.9279,0.873692,0.00481642,0.000316604,0.00481642,1.1,0.000316604,0.0964843,,,,,,,,
guesthost_Phe,PA,90,20.0,1,3,1-exp,-24.7021,0.788862,0.00333274,0.000603499,0.00333274,1.1,0.000603499,0.239602,,,,,,,,
guesthost_Phe,PA,90,20.0,2,0,2-exp,-269.635,0.799369,0.00385603,0.000487903,0.00182805,1.0,0.00145404,0.327621,0.00451226,0.449438,0.00139893,0.528507,0.00451226,0.449438,0.00139893,0.528507
guesthost_Phe,PA,90,20.0,2,1,2-exp,-60.7614,0.951284,0.00764558,0.000473059,0.00257626,1.0,0.00172497,0.295508,0.0114203,0.443886,0.00422575,0.309596,0.0114203,0.443886,0.00422575,0.309596
guesthost_Phe,PA,90,20.0,2,3,3-exp,-2116.46,0.990606,0.0123302,0.000114433,0.00888641,0.411651,2.85461,597377.0,0.00888805,0.869339,1.25693,597377.0,0.0316025,0.0299128,0.0130287,0.0317615
guesthost_Ala,PA,70,20.0,0,1,1-exp,-142.415,0.232815,2.46879,0.203078,2.46879,0.393772,0.203078,0.0153626,,,,,,,,
guesthost_Ala,PA,70,20.0,0,2,3-exp,-765.309,0.601588,0.09017,0.00579691,0.00796874,1.0,0.00300092,0.184456,0.03343,0.3392,0.0121909,0.194685,1.0,0.0708618,0.057648,0.00788866
guesthost_Ala,PA,70,20.0,0,3,3-exp,-370.014,0.991503,0.0744867,0.00157237,0.00545134,1.0,0.0034735,0.304269,0.0170778,0.479356,0.00750434,0.419278,0.198238,0.30695,0.00611779,0.0147774
guesthost_Ala,PA,70,20.0,1,0,2-exp,-519.243,0.719065,0.00562759,0.000282977,0.00298685,1.0,0.0003555,0.100842,0.0529834,0.0498409,0.00782657,0.00831449,0.0529834,0.0498409,0.00782657,0.00831449
guesthost_Ala,PA,70,20.0,1,2,2-exp,-1299.12,0.831337,0.00672154,0.000155844,0.00373924,0.971828,0.035661,303.738,0.00395464,0.780766,0.0397168,303.816,0.00395464,0.780766,0.0397168,303.816
guesthost_Ala,PA,70,20.0,1,3,2-exp,-564.113,0.883384,0.00519826,0.000285634,0.00371035,0.914299,2.80868,7118570.0,0.00371047,0.486704,4.72346,7118570.0,0.00371047,0.486704,4.72346,7118570.0
guesthost_Ala,PA,70,20.0,2,0,2-exp,-895.573,0.645719,0.00326672,0.000289486,0.0017431,1.0,0.000791931,0.210843,0.00384954,0.395794,0.000643348,0.322493,0.00384954,0.395794,0.000643348,0.322493
guesthost_Ala,PA,70,20.0,2,1,3-exp,-1008.26,0.899534,0.00522719,0.00202054,0.00129363,1.0,0.00561618,2.97698,0.00245229,1.0,0.00342118,5.80861,0.0121086,0.122331,0.00147288,0.0393899
guesthost_Ala,PA,70,20.0,2,3,3-exp,-20660.9,0.976665,0.0109769,4.1758e-05,0.00654921,0.816259,0.26363,289024.0,0.00655004,0.809167,0.332077,289024.0,0.03529,0.00937908,0.00213492,0.00123926
guesthost_Trp,PA,70,18.0,0,1,3-exp,-1097.97,0.941941,0.127513,0.00345782,0.013265,0.448549,0.00346794,0.0652825,0.0662546,0.518462,0.00709147,0.0686418,1.0,0.0872125,0.0302023,0.0058891
guesthost_Trp,PA,70,18.0,0,2,3-exp,-1401.27,0.996728,0.0750739,0.000358909,0.00936654,0.24761,0.00214892,0.0339648,0.041158,0.767322,0.00143749,0.0324828,0.285186,0.144373,0.00533878,0.0048559
guesthost_Trp,PA,70,18.0,0,3,3-exp,-160.445,0.992328,0.237812,0.00612735,0.00745956,0.657633,0.00367692,0.259474,0.073295,0.543151,0.010188,0.067732,1.0,0.193096,0.0547815,0.0132561
guesthost_Trp,PA,70,18.0,1,0,3-exp,-1439.86,0.988209,0.0157926,0.000142934,0.00531323,1.0,0.000249088,0.0235956,0.0288029,0.115089,0.009371,0.0184609,0.0908585,0.0788528,0.0102804,0.022712
guesthost_Trp,PA,70,18.0,1,2,2-exp,-813.677,0.976219,0.0337602,0.000414247,0.00311336,0.702322,0.00048359,0.0911647,0.0575613,0.548521,0.000974054,0.0138713,0.0575613,0.548521,0.000974054,0.0138713
guesthost_Trp,PA,70,18.0,1,3,1-exp,-182.213,0.973187,0.0543944,0.00131699,0.0543944,0.903408,0.00131699,0.0267105,,,,,,,,
guesthost_Trp,PA,70,18.0,2,0,1-exp,-995.437,0.969214,0.006866,7.29996e-05,0.006866,1.08625,7.29996e-05,0.0165322,,,,,,,,
guesthost_Trp,PA,70,18.0,2,1,2-exp,-555.638,0.965209,0.0123428,0.000407826,0.00831469,0.998326,11.9802,2922160.0,0.00831485,0.486123,25.4321,2922160.0,0.00831485,0.486123,25.4321,2922160.0
guesthost_Trp,PA,70,18.0,2,3,1-exp,-659.763,0.879256,0.00411904,0.000107696,0.00411904,1.1,0.000107696,0.0406514,,,,,,,,
guesthost_Leu,PA,30,20.0,0,1,3-exp,-2351.72,0.996547,0.043869,0.000173391,0.00507613,0.449262,0.000334663,0.0158033,0.0444523,0.622489,0.000644259,0.00822192,0.280633,0.0495928,0.00752147,0.00217996
guesthost_Leu,PA,30,20.0,0,2,3-exp,-1220.52,0.997407,0.075687,0.00127723,0.00985166,0.523767,0.000935808,0.0399617,0.0768459,0.764687,0.00101908,0.0108015,1.0,0.011764,0.216895,0.00177486
guesthost_Leu,PA,30,20.0,0,3,2-exp,-287.827,0.860797,0.135065,0.00807942,0.059746,1.0,0.00454207,0.0607541,1.0,0.0753187,0.0648711,0.0115886,1.0,0.0753187,0.0648711,0.0115886
guesthost_Leu,PA,30,20.0,1,0,2-exp,-1322.71,0.965473,0.00947443,0.000128876,0.00221081,1.0,0.00025096,0.114196,0.0166935,0.435117,0.000343423,0.0163397,0.0166935,0.435117,0.000343423,0.0163397
guesthost_Leu,PA,30,20.0,1,2,3-exp,-5103.33,0.992154,0.0121761,,0.0106106,0.840267,1.41017,312451.0,0.0106112,0.263244,4.37523,312451.0,0.0593137,0.00787439,0.0173982,0.00405968
guesthost_Leu,PA,30,20.0,1,3,3-exp,-372.205,0.928036,0.00593492,0.00170482,0.00136382,1.0,0.00363063,1.25972,0.00356305,0.788961,0.00337371,1.75868,0.0161167,0.109203,0.00555171,0.0848466
guesthost_Leu,PA,30,20.0,2,0,2-exp,-237.528,0.683078,0.00351615,0.00160788,0.0013438,0.999999,0.00341924,0.824197,0.00253237,0.857832,0.00120825,2.4122,0.00253237,0.857832,0.00120825,2.4122
guesthost_Leu,PA,30,20.0,2,1,1-exp,-4817.88,0.990288,0.0136714,4.21047e-05,0.0136714,0.998079,4.21047e-05,0.00429365,,,,,,,,
guesthost_Leu,PA,30,20.0,2,3,3-exp,-1567.45,0.961218,0.00687372,,0.00414304,0.629251,1.72874,1706920.0,0.00414374,0.768784,0.893096,1706920.0,0.0494802,0.0218485,0.010001,0.00562825
guesthost_Tyr,PA,35,20.0,0,1,3-exp,-26850.9,0.998143,0.063021,5.99778e-05,0.00759385,0.733928,3.99573e-05,0.00246934,0.132319,0.386355,0.000319573,0.000784805,0.749238,0.00844277,0.0104778,0.000216601
guesthost_Tyr,PA,35,20.0,0,2,2-exp,-5622.06,0.839988,0.146927,0.0014875,0.112773,0.877411,0.00180675,0.0102634,1.0,0.0479783,0.0184386,0.00244966,1.0,0.0479783,0.0184386,0.00244966
guesthost_Tyr,PA,35,20.0,0,3,2-exp,-1387.21,0.998133,0.174947,0.000937408,0.16726,0.977211,0.00153872,0.0046376,0.877311,0.0131061,0.220572,0.00430376,0.877311,0.0131061,0.220572,0.00430376
guesthost_Tyr,PA,35,20.0,1,0,3-exp,-18457.4,0.988265,0.0180045,5.00913e-05,0.00191928,1.0,7.51484e-05,0.0419792,0.0204627,0.440722,0.000376928,0.00482893,0.0579559,0.121935,0.000793825,0.00514796
guesthost_Tyr,PA,35,20.0,1,2,3-exp,-22302.7,0.975072,0.00944407,3.69275e-05,0.00474378,0.432401,2.09988,280238.0,0.00474393,0.983076,0.93137,280238.0,0.0613771,0.0444663,0.000760515,0.000884964
guesthost_Tyr,PA,35,20.0,1,3,2-exp,-1230.19,0.883417,0.00824539,0.000180868,0.00320541,1.0,0.000218473,0.0532186,0.0413124,0.121997,0.00208338,0.00876375,0.0413124,0.121997,0.00208338,0.00876375
guesthost_Tyr,PA,35,20.0,2,0,2-exp,-9987.67,0.958686,0.0503912,0.000282932,0.00222932,1.0,0.000181145,0.0899199,0.134441,0.358237,0.000823783,0.00307019,0.134441,0.358237,0.000823783,0.00307019
guesthost_Tyr,PA,35,20.0,2,1,3-exp,-45812.5,0.999572,0.117535,3.91077e-05,0.0502964,0.16765,0.000836028,0.00310398,0.13303,0.815888,0.00022884,0.0032577,1.0,0.000565642,0.143191,0.000102329
guesthost_Tyr,PA,35,20.0,2,3,3-exp,-5467.42,0.862119,0.00455774,7.87249e-05,0.00293165,0.530557,1.58319,1937570.0,0.00293183,0.838711,1.27566,1937570.0,0.171043,0.00317685,0.0361875,0.000562459
guesthost_Tyr,PA,40,20.0,0,1,3-exp,-30772.5,0.997931,0.0744763,7.13653e-05,0.00724409,0.70428,4.12386e-05,0.0025963,0.144922,0.41822,0.000296395,0.000783454,1.0,0.00876506,0.00873785,0.000145901
guesthost_Tyr,PA,40,20.0,0,2,3-exp,-13947.8,0.994452,0.1507,0.000252443,0.015201,0.224825,0.00109294,0.00919822,0.155506,0.797577,0.000639153,0.00348496,1.0,0.0232543,0.00986917,0.000510864
guesthost_Tyr,PA,40,20.0,0,3,3-exp,-534.418,0.989458,0.158991,0.00624185,0.0271008,0.197648,0.0152714,0.0528194,0.165284,0.804325,0.0149899,0.0377835,1.0,0.0206932,1.06213,0.0269603
guesthost_Tyr,PA,40,20.0,1,0,3-exp,-21736.8,0.98986,0.0181788,5.64059e-05,0.00172411,1.0,9.13678e-05,0.0572798,0.0141143,0.342272,0.000480069,0.00710671,0.0404799,0.287148,0.000301978,0.00668551
guesthost_Tyr,PA,40,20.0,1,2,3-exp,-36090.7,0.979315,0.00994954,2.36951e-05,0.00501942,0.873257,0.838212,235008.0,0.00501958,0.496664,1.4622,235008.0,0.0499327,0.0615478,0.000417467,0.000905555
guesthost_Tyr,PA,40,20.0,1,3,2-exp,-1669.03,0.961318,0.0165862,0.000267893,0.00190196,1.0,0.000395327,0.254281,0.0318344,0.461271,0.000521705,0.012467,0.0318344,0.461271,0.000521705,0.012467
guesthost_Tyr,PA,40,20.0,2,0,3-exp,-9457.48,0.965157,0.0442321,0.00024839,0.00198101,1.0,0.000244095,0.146558,0.0727176,0.231282,0.00767519,0.0424047,0.135184,0.188135,0.00731221,0.045623
guesthost_Tyr,PA,40,20.0,2,1,2-exp,-72301.3,0.999675,0.0973038,1.84786e-05,0.0636181,0.340431,0.000363691,0.00378617,0.114229,0.662233,0.000144594,0.00396731,0.114229,0.662233,0.000144594,0.00396731
guesthost_Tyr,PA,40,20.0,2,3,3-exp,-4328.6,0.839775,0.00601923,0.00160985,0.00104506,1.0,0.00153154,2.33812,0.00307623,1.0,0.000367952,0.365684,0.101007,0.0187902,0.00709288,0.0016448
guesthost_Thr,PA,30,20.0,0,1,2-exp,-435.684,0.994913,0.0379311,0.000309204,0.0189594,0.895893,0.000790093,0.0214453,0.08439,0.248198,0.00321408,0.0179315,0.08439,0.248198,0.00321408,0.0179315
guesthost_Thr,PA,30,20.0,0,2,2-exp,-947.559,0.989566,0.0447642,0.000377493,0.037752,0.70408,299.933,903023.0,0.037752,0.481665,438.416,903023.0,0.037752,0.481665,438.416,903023.0
guesthost_Thr,PA,30,20.0,0,3,3-exp,-850.634,0.998321,0.047568,0.00107098,0.00467771,0.657048,0.000987231,0.204181,0.0455543,0.930179,0.00122862,0.0105083,0.261423,0.00811262,0.3804,0.0123473
guesthost_Thr,PA,30,20.0,1,0,2-exp,-170.102,0.856342,0.00472603,0.00032565,0.00225072,1.0,0.00110024,0.272801,0.00830716,0.297973,0.00235934,0.204701,0.00830716,0.297973,0.00235934,0.204701
guesthost_Thr,PA,30,20.0,1,2,1-exp,-98.5571,0.910535,0.00509094,0.000262347,0.00509094,1.04081,0.000262347,0.0691724,,,,,,,,
guesthost_Thr,PA,30,20.0,1,3,1-exp,-41.4051,0.665657,0.0030971,0.000436222,0.0030971,1.1,0.000436222,0.19422,,,,,,,,
guesthost_Thr,PA,30,20.0,2,0,2-exp,-528.214,0.927381,0.0159745,0.000469511,0.00235391,1.0,0.00045889,0.197701,0.0463495,0.293866,0.00211179,0.0196936,0.0463495,0.293866,0.00211179,0.0196936
guesthost_Thr,PA,30,20.0,2,1,1-exp,-177.337,0.980248,0.0281195,0.000625818,0.0281195,1.1,0.000625818,0.0333253,,,,,,,,
guesthost_Thr,PA,30,20.0,2,3,2-exp,-584.077,0.884545,0.0119557,0.126536,0.00452448,1.0,0.000203588,0.0424524,0.99999,0.00743129,17.9444,0.00701867,0.99999,0.00743129,17.9444,0.00701867
guesthost_Thr,PA,70,74.0,0,1,2-exp,-380.221,0.939882,0.0169147,0.000462139,0.00974431,1.0,0.00133173,0.0809862,0.0349978,0.204882,0.00426589,0.0640756,0.0349978,0.204882,0.00426589,0.0640756
guesthost_Thr,PA,70,74.0,0,2,2-exp,-557.323,0.931886,0.015323,0.000971801,0.00543836,1.0,0.00266667,0.360758,0.00988466,1.0,0.00099788,0.587569,0.00988466,1.0,0.00099788,0.587569
guesthost_Thr,PA,70,74.0,0,3,1-exp,-19.444,0.813329,0.0111427,0.00265109,0.0111427,1.1,0.00265109,0.305112,,,,,,,,
guesthost_Thr,PA,70,74.0,1,0,1-exp,-69.4627,0.542468,0.00243994,0.000369332,0.00243994,1.1,0.000369332,0.210231,,,,,,,,
guesthost_Thr,PA,70,74.0,1,2,1-exp,-334.76,0.797353,0.00432583,0.00019393,0.00432583,1.1,0.00019393,0.0679008,,,,,,,,
guesthost_Thr,PA,70,74.0,1,3,1-exp,-56.4984,0.700812,0.00451815,0.000562269,0.00451815,1.1,0.000562269,0.175179,,,,,,,,
guesthost_Thr,PA,70,74.0,2,0,2-exp,-237.319,0.761199,0.00381725,0.000422614,0.00191919,1.0,0.001254,0.334833,0.00545414,0.348005,0.00174911,0.363328,0.00545414,0.348005,0.00174911,0.363328
guesthost_Thr,PA,70,74.0,2,1,2-exp,-228.453,0.938227,0.00616399,0.00038412,0.00193998,1.0,0.000932931,0.349064,0.00777708,0.543135,0.0009829,0.164393,0.00777708,0.543135,0.0009829,0.164393
guesthost_Thr,PA,70,74.0,2,3,3-exp,-2731.7,0.976063,0.0113546,0.00221555,0.00737761,0.154291,16792.5,939417.0,0.00737839,0.724107,7152.51,1349100.0,0.00737917,0.660446,3918.41,1052640.0
guesthost_Phe,PA,80,19.0,0,1,3-exp,-2302.29,0.994804,0.0566189,0.000466031,0.0125086,1.0,0.000945076,0.120825,0.0277867,0.243809,0.00562828,0.129813,0.55661,0.0670769,0.0106747,0.00190326
guesthost_Phe,PA,80,19.0,0,2,3-exp,-871.705,0.865806,0.0814703,0.00436496,0.010559,0.968865,0.00320841,0.213803,0.031815,0.39544,0.0108634,0.272491,1.0,0.0586591,0.0366022,0.00571466
guesthost_Phe,PA,80,19.0,0,3,3-exp,-237.783,0.987267,0.0326092,0.00296601,0.00386985,1.0,0.00451355,1.0912,0.0131648,0.856999,0.00406493,0.483871,0.0918813,0.189997,0.00930581,0.0312816
guesthost_Phe,PA,80,19.0,1,0,2-exp,-792.216,0.938738,0.00557945,0.00038254,0.00150449,1.0,0.000620481,0.44209,0.0055043,0.740323,0.000292885,0.111012,0.0055043,0.740323,0.000292885,0.111012
guesthost_Phe,PA,80,19.0,1,2,1-exp,-2110.35,0.95621,0.00539907,4.98472e-05,0.00539907,1.1,4.98472e-05,0.0147426,,,,,,,,
guesthost_Phe,PA,80,19.0,1,3,1-exp,-132.462,0.909618,0.00746303,0.000359935,0.00746303,1.1,0.000359935,0.0718367,,,,,,,,
guesthost_Phe,PA,80,19.0,2,0,3-exp,-1296.57,0.928124,0.0185583,0.00041457,0.00252342,1.0,0.00037415,0.118012,0.0311364,0.199102,0.00601858,0.0210047,0.145155,0.067759,0.0165353,0.0154377
guesthost_Phe,PA,80,19.0,2,1,3-exp,-2266.07,0.995359,0.0275487,0.00362204,0.010561,0.635649,0.000408845,0.0150129,0.0467371,0.384563,0.00164903,0.0154012,1.0,0.00286221,1.88612,0.00211355
guesthost_Phe,PA,80,19.0,2,3,3-exp,-6273.73,0.996307,0.0221028,0.00207751,0.00969573,0.798526,0.000154638,0.00731307,0.0412601,0.31485,0.000813655,0.007526,1.0,0.00136975,2.09128,0.000914018
guesthost_Phe,PA,70,20.0,0,1,2-exp,-1195.49,0.996178,0.0442931,0.000212927,0.0177248,1.0,0.000367932,0.0133732,0.109085,0.243555,0.00164564,0.00671432,0.109085,0.243555,0.00164564,0.00671432
guesthost_Phe,PA,70,20.0,0,2,2-exp,-605.743,0.991664,0.0538411,0.000479458,0.0196155,0.951038,0.000841687,0.0269856,0.121949,0.288529,0.00320935,0.0130519,0.121949,0.288529,0.00320935,0.0130519
guesthost_Phe,PA,70,20.0,0,3,3-exp,-149.988,0.994216,0.106897,0.0552562,0.00534671,1.0,0.00207378,0.501089,0.0865145,0.636268,0.013913,0.0323147,1.0,0.0465043,2.04272,0.0500688
guesthost_Phe,PA,70,20.0,1,0,2-exp,-272.345,0.915834,0.00613049,0.000200006,0.00291274,1.0,0.000560657,0.112437,0.0144809,0.222206,0.00207219,0.0628472,0.0144809,0.222206,0.00207219,0.0628472
guesthost_Phe,PA,70,20.0,1,2,2-exp,-1474.47,0.985916,0.00939491,6.19715e-05,0.00506219,0.622009,0.000580577,0.0731401,0.0111577,0.559809,0.000472927,0.0873607,0.0111577,0.559809,0.000472927,0.0873607
guesthost_Phe,PA,70,20.0,1,3,1-exp,-348.858,0.978677,0.0102763,0.000164524,0.0102763,1.1,0.000164524,0.0247205,,,,,,,,
guesthost_Phe,PA,70,20.0,2,0,2-exp,-245.3,0.790857,0.00378979,0.000418096,0.00187825,1.0,0.00127601,0.320761,0.00446778,0.427852,0.0012547,0.470341,0.00446778,0.427852,0.0012547,0.470341
guesthost_Phe,PA,70,20.0,2,1,2-exp,-1345.08,0.995415,0.0208953,9.98081e-05,0.0190586,1.0,0.000485598,0.0223661,0.0532455,0.0344965,0.0166398,0.0262582,0.0532455,0.0344965,0.0166398,0.0262582
guesthost_Phe,PA,70,20.0,2,3,2-exp,-1107.25,0.967953,0.00926215,0.000107872,0.00346746,1.0,0.000195902,0.0396909,0.0224958,0.25759,0.000690604,0.0143219,0.0224958,0.25759,0.000690604,0.0143219
guesthost_Phe,PA,22,20.0,0,1,3-exp,-2768.75,0.995983,0.0431075,0.000290601,0.00714751,0.752139,0.00016696,0.00957713,0.0659151,0.347463,0.00114252,0.00499381,0.760449,0.0194997,0.0326982,0.00107492
guesthost_Phe,PA,22,20.0,0,2,2-exp,-604.96,0.99443,0.0371844,0.00026281,0.019362,0.717431,0.00099824,0.0204812,0.0750853,0.310226,0.00245179,0.0221798,0.0750853,0.310226,0.00245179,0.0221798
guesthost_Phe,PA,22,20.0,0,3,2-exp,-402.743,0.994833,0.0774314,0.00106455,0.0649803,1.0,0.0028568,0.0292483,0.243341,0.0511672,0.0978163,0.0350852,0.243341,0.0511672,0.0978163,0.0350852
guesthost_Phe,PA,22,20.0,1,0,2-exp,-2122.51,0.985772,0.00974338,8.1647e-05,0.00220876,0.881599,0.000176921,0.0675811,0.0120623,0.646325,0.000135619,0.0154821,0.0120623,0.646325,0.000135619,0.0154821
guesthost_Phe,PA,22,20.0,1,2,2-exp,-10008.0,0.99148,0.0107874,,0.00935911,0.999612,0.276344,263418.0,0.00935955,0.152992,1.70845,263418.0,0.00935955,0.152992,1.70845,263418.0
guesthost_Phe,PA,22,20.0,1,3,2-exp,-265.938,0.906919,0.00497598,0.00034606,0.0022836,1.0,0.00194873,0.766036,0.00449904,0.598435,0.00185975,1.11326,0.00449904,0.598435,0.00185975,1.11326
guesthost_Phe,PA,22,20.0,2,0,2-exp,-353.432,0.955881,0.00990935,0.000645123,0.00155303,1.0,0.000910779,0.864256,0.014436,0.578855,0.000588824,0.0419496,0.014436,0.578855,0.000588824,0.0419496
guesthost_Phe,PA,22,20.0,2,1,1-exp,-11463.6,0.995788,0.0154928,2.2041e-05,0.0154928,1.07361,2.2041e-05,0.00222496,,,,,,,,
guesthost_Phe,PA,22,20.0,2,3,3-exp,-556.434,0.943393,0.00691803,0.000310742,0.00402276,0.70994,3.23103,4449200.0,0.00402376,0.564644,4.42592,4449200.0,0.0559359,0.032003,0.0205287,0.0122371
guesthost_Trp,PA,70,90.0,0,1,3-exp,-4557.86,0.996476,0.116841,0.000413436,0.0254257,0.770953,0.000353691,0.00539445,0.226146,0.218192,0.00562801,0.00346596,1.0,0.0478963,0.0170125,0.00183555
guesthost_Trp,PA,70,90.0,0,2,3-exp,-550.266,0.994766,0.063693,0.000791119,0.0116174,0.77409,0.00122037,0.0454173,0.0515373,0.403203,0.00538742,0.048302,0.400687,0.0846549,0.0249869,0.00741913
guesthost_Trp,PA,70,90.0,0,3,1-exp,-6.7527,0.857751,0.0113759,inf,0.0113759,1.1,inf,inf,,,,,,,,
guesthost_Trp,PA,70,90.0,1,0,3-exp,-3480.22,0.992379,0.0161767,6.88439e-05,0.00789858,1.0,0.000213517,0.0209986,0.0280627,0.163555,0.00314769,0.0208516,0.110767,0.0332978,0.00720504,0.00503654
guesthost_Trp,PA,70,90.0,1,2,2-exp,-1469.85,0.993277,0.0295323,0.000167685,0.00624216,0.681922,0.000248502,0.0155535,0.0636603,0.397039,0.000617408,0.00620295,0.0636603,0.397039,0.000617408,0.00620295
guesthost_Trp,PA,70,90.0,1,3,1-exp,-230.284,0.980711,0.0685796,0.00129686,0.0685796,1.05041,0.00129686,0.0266975,,,,,,,,
guesthost_Trp,PA,70,90.0,2,0,1-exp,-642.291,0.97213,0.00710098,9.08886e-05,0.00710098,1.02697,9.08886e-05,0.0181113,,,,,,,,
guesthost_Trp,PA,70,90.0,2,1,2-exp,-860.107,0.97637,0.0113222,0.000134414,0.00681674,1.0,0.00114158,0.39706,0.0109446,0.411659,0.00194534,0.425247,0.0109446,0.411659,0.00194534,0.425247
guesthost_Trp,PA,70,90.0,2,3,1-exp,-144.677,0.734278,0.00285118,0.000201315,0.00285118,1.1,0.000201315,0.103669,,,,,,,,
guesthost_Thr,PA,70,7.4,0,1,3-exp,-255.964,0.98744,0.055629,0.00272512,0.00565325,1.0,0.00696945,1.5046,0.0111671,1.0,0.0060647,1.9587,0.521406,0.0744308,0.0529536,0.00695686
guesthost_Thr,PA,70,7.4,0,2,2-exp,-374.774,0.914771,0.0473172,0.00461621,0.013377,1.0,0.00089454,0.0618815,0.953606,0.0355914,0.179851,0.00540486,0.953606,0.0355914,0.179851,0.00540486
guesthost_Thr,PA,70,7.4,0,3,2-exp,-125.285,0.952751,0.0222006,0.000895801,0.0103791,1.0,0.00254525,0.136734,0.0446998,0.264466,0.00977141,0.116109,0.0446998,0.264466,0.00977141,0.116109
guesthost_Thr,PA,70,7.4,1,0,1-exp,-11.0107,0.170967,0.00235446,0.00179775,0.00235446,1.1,0.00179775,0.928233,,,,,,,,
guesthost_Thr,PA,70,7.4,1,2,1-exp,-122.149,0.79219,0.00420054,0.000319014,0.00420054,1.1,0.000319014,0.111777,,,,,,,,
guesthost_Thr,PA,70,7.4,1,3,1-exp,-54.3542,0.712703,0.00426196,0.000510285,0.00426196,1.1,0.000510285,0.168373,,,,,,,,
guesthost_Thr,PA,70,7.4,2,0,2-exp,-134.441,0.607337,0.00327914,0.00098005,0.00161682,1.0,0.00254486,0.59496,0.00340862,0.487682,0.00166909,1.26762,0.00340862,0.487682,0.00166909,1.26762
guesthost_Thr,PA,70,7.4,2,1,1-exp,-58.8606,0.839723,0.00358447,0.000328611,0.00358447,1.1,0.000328611,0.130323,,,,,,,,
guesthost_Thr,PA,70,7.4,2,3,2-exp,-2110.15,0.976086,0.0104262,9.02355e-05,0.00550535,1.0,0.000594193,0.205127,0.00929166,0.529598,0.000728241,0.228016,0.00929166,0.529598,0.000728241,0.228016
guesthost_Thr,PA,22,74.0,0,1,3-exp,-2882.71,0.997314,0.0297471,0.000272979,0.0148729,0.725822,0.0005334,0.0366375,0.0338662,0.3305,0.00140849,0.0394957,1.0,0.00775931,0.0520559,0.000312824
guesthost_Thr,PA,22,74.0,0,2,3-exp,-2506.22,0.997099,0.038737,0.000443399,0.00502496,0.628644,0.000577291,0.0995783,0.0313525,1.0,0.000224275,0.0115801,0.840888,0.00502521,0.120383,0.000404443
guesthost_Thr,PA,22,74.0,0,3,2-exp,-949.16,0.974855,0.0311999,0.000347419,0.019515,1.0,0.00170646,0.0954402,0.0383534,0.304664,0.00311704,0.11529,0.0383534,0.304664,0.00311704,0.11529
guesthost_Thr,PA,22,74.0,1,0,2-exp,-1590.89,0.95765,0.00664351,0.000109802,0.00211525,1.0,0.00025268,0.0994734,0.00914016,0.495424,0.000255504,0.0334684,0.00914016,0.495424,0.000255504,0.0334684
guesthost_Thr,PA,22,74.0,1,2,2-exp,-907.482,0.965428,0.00650691,0.000124968,0.00256021,0.531537,0.00108007,0.122989,0.00608505,0.845689,0.00039215,0.198144,0.00608505,0.845689,0.00039215,0.198144
guesthost_Thr,PA,22,74.0,1,3,2-exp,-273.569,0.864356,0.00424711,0.000350501,0.00224005,1.0,0.00275047,2.16401,0.00370797,0.541283,0.00312422,2.56601,0.00370797,0.541283,0.00312422,2.56601
guesthost_Thr,PA,22,74.0,2,0,2-exp,-1133.24,0.933101,0.0183723,0.000431082,0.00300313,1.0,0.000214053,0.0622571,0.0860569,0.178592,0.00309729,0.00900248,0.0860569,0.178592,0.00309729,0.00900248
guesthost_Thr,PA,22,74.0,2,1,2-exp,-1420.57,0.994311,0.0572483,0.000287732,0.00264294,0.475183,0.0004661,0.0806655,0.0785284,0.713022,0.000463422,0.00614439,0.0785284,0.713022,0.000463422,0.00614439
guesthost_Thr,PA,22,74.0,2,3,3-exp,-3024.1,0.972699,0.00764325,5.97774e-05,0.00416606,0.801526,0.657823,768088.0,0.0041667,0.659625,0.687375,768088.0,0.0533318,0.029168,0.00327198,0.00261382
guesthost_Ala,PA,10,20.0,0,2,3-exp,-3720.55,0.994392,0.0392834,0.000295828,0.0156964,1.0,0.000203528,0.0072679,0.102535,0.123923,0.00405293,0.00458879,1.0,0.0108806,0.0599309,0.000867038
guesthost_Ala,PA,10,20.0,0,3,3-exp,-2912.79,0.990574,0.0380289,0.000382092,0.00827272,1.0,0.000709445,0.0526382,0.0228063,0.601929,0.00115886,0.0753897,0.565427,0.0283474,0.0167979,0.000856844
guesthost_Ala,PA,10,20.0,2,0,3-exp,-2454.53,0.968073,0.0117589,0.000115849,0.00301938,1.0,0.000174983,0.0368935,0.0257852,0.23898,0.00278999,0.0128047,0.0807995,0.0318979,0.0170949,0.0168938
guesthost_Ala,PA,10,20.0,2,3,3-exp,-8098.93,0.973344,0.0108268,6.22215e-05,0.00448356,1.0,0.00112478,0.915117,0.00679722,0.556661,0.00211494,0.937397,0.0532338,0.0480807,0.00133541,0.0022191
guesthost_Phe,PA,27,19.0,0,1,3-exp,-2676.28,0.909417,0.0944318,0.00245141,0.00526841,0.603535,0.000921714,0.0509411,0.0262251,0.490903,0.0022125,0.055599,1.0,0.0783781,0.0179169,0.00318449
guesthost_Phe,PA,27,19.0,0,2,3-exp,-1520.84,0.995644,0.0503786,0.000514737,0.00560318,0.749742,0.000216324,0.0196679,0.0635857,0.45452,0.000962262,0.00684159,1.0,0.0172767,0.0449364,0.000915248
guesthost_Phe,PA,27,19.0,0,3,2-exp,-855.696,0.995455,0.0721816,0.000380921,0.0224894,0.450719,0.00214379,0.0219452,0.0939991,0.660061,0.00126345,0.0200607,0.0939991,0.660061,0.00126345,0.0200607
guesthost_Phe,PA,27,19.0,1,0,3-exp,-4474.59,0.983306,0.0087506,0.0310887,0.0014842,0.833449,0.000265206,0.187829,0.0081712,0.864448,0.000166808,0.024682,1.0,0.000450016,73.5545,0.0020087
guesthost_Phe,PA,27,19.0,1,2,2-exp,-18024.3,0.989096,0.00924914,,0.00771146,0.996139,0.189288,240845.0,0.00771179,0.203255,1.02617,240845.0,0.00771179,0.203255,1.02617,240845.0
guesthost_Phe,PA,27,19.0,1,3,2-exp,-555.871,0.955627,0.00543759,0.000118475,0.00336045,1.0,0.00235441,2.54363,0.00489357,0.424462,0.00455937,2.6327,0.00489357,0.424462,0.00455937,2.6327
guesthost_Phe,PA,27,19.0,2,0,2-exp,-1202.34,0.97417,0.0141168,0.000223442,0.00184714,1.0,0.00035447,0.245527,0.0236223,0.519407,0.000364665,0.0130375,0.0236223,0.519407,0.000364665,0.0130375
guesthost_Phe,PA,27,19.0,2,1,2-exp,-23110.7,0.996973,0.0207629,1.80809e-05,0.00817065,0.138337,0.000476155,0.00613975,0.0220175,0.891679,5.5223e-05,0.00701692,0.0220175,0.891679,5.5223e-05,0.00701692
guesthost_Phe,PA,27,19.0,2,3,2-exp,-1093.81,0.955729,0.00731915,8.93564e-05,0.00414283,1.0,0.000252805,0.0357084,0.0149586,0.212341,0.000962993,0.0336432,0.0149586,0.212341,0.000962993,0.0336432
guesthost_Ala,PA,30,20.0,0,1,3-exp,-2214.09,0.964988,0.0558185,0.00144093,0.0113675,0.697179,0.0019909,0.173023,0.0267369,0.422168,0.0045457,0.187072,1.0,0.0366058,0.0249368,0.00200851
guesthost_Ala,PA,30,20.0,0,2,3-exp,-6486.46,0.998201,0.0364114,5.75287e-05,0.0224489,1.0,0.00037406,0.0225614,0.0525709,0.192422,0.00286253,0.0242266,0.273367,0.0140719,0.0107448,0.00112329
guesthost_Ala,PA,30,20.0,0,3,3-exp,-2005.64,0.996434,0.0371525,0.000341464,0.0056015,0.448313,0.00153373,0.09194,0.0216007,1.0,0.000682336,0.050361,0.122776,0.106215,0.00256748,0.00438719
guesthost_Ala,PA,30,20.0,1,0,3-exp,-1843.39,0.952463,0.0135304,0.00583667,0.00115485,0.999999,0.0118697,3.12178,0.00216983,0.999372,0.00517821,11.5556,0.0395665,0.257973,0.000864675,0.00923842
guesthost_Ala,PA,30,20.0,1,2,2-exp,-4480.35,0.995374,0.024173,5.84519e-05,0.00767484,0.454241,0.000268271,0.00820115,0.0348201,0.594105,0.000185896,0.00704225,0.0348201,0.594105,0.000185896,0.00704225
guesthost_Ala,PA,30,20.0,1,3,3-exp,-1457.18,0.984794,0.0162517,0.0241128,0.00348786,0.750234,0.00030594,0.0343742,0.026057,0.439956,0.00125842,0.0168871,1.0,0.00217103,13.126,0.00476627
guesthost_Ala,PA,30,20.0,2,0,2-exp,-3133.03,0.961387,0.0141105,0.000133798,0.00222457,1.0,0.000169331,0.0800101,0.0312233,0.380674,0.000405352,0.00815631,0.0312233,0.380674,0.000405352,0.00815631
guesthost_Ala,PA,30,20.0,2,1,2-exp,-4266.87,0.993912,0.0312047,8.3472e-05,0.010643,0.22465,0.00100203,0.0133785,0.0354896,0.811894,0.000233937,0.0140545,0.0354896,0.811894,0.000233937,0.0140545
guesthost_Ala,PA,30,20.0,2,3,3-exp,-7825.53,0.979247,0.00868801,4.18897e-05,0.00437606,0.804517,0.576572,411728.0,0.00437663,0.618215,0.613134,411728.0,0.0341226,0.0721427,0.000732656,0.00306545
guesthost_Tyr,PA,60,20.0,0,1,3-exp,-19857.9,0.997932,0.108846,0.000125152,0.0382988,0.685402,0.000306094,0.00331884,0.166789,0.339834,0.00126131,0.00339987,1.0,0.0259157,0.00669355,0.000392178
guesthost_Tyr,PA,60,20.0,0,2,3-exp,-1958.13,0.511106,0.127118,0.00306854,0.026305,0.507589,0.00794459,0.0991499,0.0985528,0.551462,0.0125647,0.11418,1.0,0.0594176,0.0319025,0.00535529
guesthost_Tyr,PA,60,20.0,0,3,1-exp,-63.9972,0.959093,0.0295934,0.00156298,0.0295934,1.1,0.00156298,0.0742615,,,,,,,,
guesthost_Tyr,PA,60,20.0,1,0,2-exp,-5737.81,0.913571,0.0062652,5.17297e-05,0.00265693,1.0,0.000122298,0.0353081,0.0156217,0.230978,0.000322981,0.00992426,0.0156217,0.230978,0.000322981,0.00992426
guesthost_Tyr,PA,60,20.0,1,2,3-exp,-34192.8,0.992184,0.0121313,0.00097601,0.00470644,0.73765,5.46752e-05,0.00458865,0.0186605,0.458236,0.000105299,0.00466055,1.0,0.000108681,10.5009,0.000177543
guesthost_Tyr,PA,60,20.0,1,3,2-exp,-1233.58,0.9884,0.0137427,8.97723e-05,0.0054227,0.555484,0.000437451,0.0238994,0.020487,0.523768,0.000396699,0.0242495,0.020487,0.523768,0.000396699,0.0242495
guesthost_Tyr,PA,60,20.0,2,0,2-exp,-9079.21,0.92456,0.0257736,0.000202363,0.00250886,1.0,0.000146958,0.0571845,0.0913661,0.254632,0.000871999,0.00346059,0.0913661,0.254632,0.000871999,0.00346059
guesthost_Tyr,PA,60,20.0,2,1,3-exp,-46011.7,0.99968,0.0915076,2.17232e-05,0.0195101,0.0808175,0.000618162,0.00159491,0.0964502,0.874337,0.000338277,0.00453172,0.160034,0.0349981,0.00447139,0.00576426
guesthost_Tyr,PA,60,20.0,2,3,3-exp,-18692.2,0.978772,0.0236309,8.13915e-05,0.0038312,0.997463,5.04889e-05,0.00840295,0.07288,0.166038,0.00450507,0.0182465,0.132023,0.0583884,0.0095371,0.0197932
guesthost_Phe,PA,20,19.0,0,1,3-exp,-8806.72,0.99551,0.0290266,0.000141854,0.00804814,0.675504,0.000129233,0.00559008,0.0391164,0.3875,0.000351732,0.00534871,1.0,0.00843246,0.0205193,0.000194169
guesthost_Phe,PA,20,19.0,0,2,2-exp,-2796.88,0.994522,0.0242866,9.5755e-05,0.0058059,0.899731,0.000108025,0.0121332,0.0579972,0.328686,0.000417401,0.0038807,0.0579972,0.328686,0.000417401,0.0038807
guesthost_Phe,PA,20,19.0,0,3,2-exp,-1127.81,0.995498,0.0682941,0.000379244,0.053515,1.0,0.000652385,0.00799577,0.32495,0.0454813,0.0206184,0.00425239,0.32495,0.0454813,0.0206184,0.00425239
guesthost_Phe,PA,20,19.0,1,0,3-exp,-6929.69,0.985918,0.0093121,3.32616e-05,0.00402841,0.984751,0.000118295,0.0162672,0.0145067,0.30406,0.000637696,0.0183502,0.064938,0.0143865,0.00563975,0.00274448
guesthost_Phe,PA,20,19.0,1,2,3-exp,-47487.6,0.995822,0.0148522,1.19368e-05,0.00860531,0.561466,0.000108831,0.00909347,0.0188357,0.513972,0.000109374,0.0100306,0.271764,0.00124967,0.0095656,4.69459e-05
guesthost_Phe,PA,20,19.0,1,3,3-exp,-1398.9,0.986101,0.016199,0.000159187,0.00541426,0.307646,4.92865,1767830.0,0.00541478,0.79786,2.61106,1767830.0,0.071944,0.141959,0.00175063,0.00523332
guesthost_Phe,PA,20,19.0,2,0,3-exp,-2461.33,0.989394,0.0178569,0.000377943,0.00130578,1.0,0.000397619,0.527113,0.019911,0.566758,0.00213088,0.130236,0.0332312,0.158478,0.00572881,0.142214
guesthost_Phe,PA,20,19.0,2,1,2-exp,-46353.2,0.995186,0.0139774,1.04572e-05,0.0108988,0.88422,5.27006e-05,0.0049835,0.0228688,0.189797,0.000167688,0.00556776,0.0228688,0.189797,0.000167688,0.00556776
guesthost_Phe,PA,20,19.0,2,3,2-exp,-1020.29,0.883722,0.00718673,0.0324576,0.00437142,1.0,0.000109547,0.0292216,1.0,0.00281531,12.1524,0.00188227,1.0,0.00281531,12.1524,0.00188227
guesthost_Tyr,PA,15,20.0,0,2,3-exp,-14936.5,0.831019,0.0376874,0.0003763,0.00662265,0.976065,0.000183092,0.020528,0.076003,0.317113,0.00159827,0.00619259,0.745147,0.00955749,0.0736961,0.00109005
guesthost_Tyr,PA,15,20.0,0,3,2-exp,-5835.08,0.997445,0.0828113,0.000133403,0.0397441,0.416204,0.00126479,0.0113873,0.101376,0.653699,0.000623457,0.0129464,0.101376,0.653699,0.000623457,0.0129464
guesthost_Tyr,PA,15,20.0,2,0,3-exp,-55864.6,0.998676,0.101136,4.46347e-05,0.00251416,0.375372,7.33164e-05,0.0108768,0.116002,0.713722,0.000246146,0.00130542,0.268944,0.0646952,0.00169476,0.00150832
guesthost_Tyr,PA,15,20.0,2,3,3-exp,-11278.1,0.981182,0.0362434,0.00014874,0.00317801,0.968281,9.07582e-05,0.0165474,0.054788,0.114731,0.00615183,0.0107565,0.135187,0.198839,0.00257823,0.0126514
guesthost_Trp,PA,30,53.0,0,2,3-exp,-16591.4,0.982311,0.0825243,0.000331981,0.0314602,0.897417,0.000583972,0.0116076,0.111777,0.232168,0.00390075,0.013167,1.0,0.0283403,0.00938865,0.000697042
guesthost_Trp,PA,30,53.0,0,3,1-exp,-292.167,0.976854,0.590388,0.0105644,0.590388,1.06192,0.0105644,0.0259993,,,,,,,,
guesthost_Trp,PA,30,53.0,2,0,2-exp,-20942.6,0.99387,0.018608,2.44172e-05,0.0121993,0.806455,0.262526,143748.0,0.0122,0.718832,0.323072,143748.0,0.0122,0.718832,0.323072,143748.0
guesthost_Trp,PA,30,53.0,2,3,1-exp,-196.374,0.884591,0.00368851,0.000156643,0.00368851,1.1,0.000156643,0.0642174,,,,,,,,
guesthost_Trp,PA,50,18.0,0,1,3-exp,-20419.5,0.869334,0.0717754,0.000658068,0.0177801,0.807234,0.000551658,0.0159772,0.0758915,0.207503,0.00464534,0.0175348,1.0,0.041675,0.00897728,0.00102535
guesthost_Trp,PA,50,18.0,0,2,3-exp,-7400.55,0.916164,0.076989,0.000831451,0.0246173,1.0,0.000590715,0.0137323,0.223692,0.106587,0.0218227,0.0064507,1.0,0.0285291,0.0445394,0.00332654
guesthost_Trp,PA,50,18.0,0,3,2-exp,-246.459,0.978392,0.237203,0.00526598,0.0175466,0.658751,0.00323656,0.0799094,0.488982,0.461457,0.0155049,0.0186418,0.488982,0.461457,0.0155049,0.0186418
guesthost_Trp,PA,50,18.0,1,0,3-exp,-46557.0,0.990804,0.0160881,2.12865e-05,0.00527387,0.93599,3.6912e-05,0.00324764,0.0322406,0.180259,0.000672109,0.00230809,0.0914868,0.0583705,0.00109995,0.00220554
guesthost_Trp,PA,50,18.0,1,2,3-exp,-18945.6,0.971195,0.00903785,3.40683e-05,0.00316785,1.0,0.000126114,0.0263494,0.00930197,0.291808,0.000562936,0.0358345,0.0707197,0.0446213,0.00110395,0.00130047
guesthost_Trp,PA,50,18.0,1,3,3-exp,-1101.16,0.984786,0.0304831,0.00229412,0.00415662,0.710191,0.000337466,0.0321547,0.0601644,0.390783,0.00285299,0.0104323,0.552026,0.00728189,0.654502,0.00637174
guesthost_Trp,PA,50,18.0,2,0,3-exp,-14453.0,0.99169,0.0167842,,0.0124245,0.939338,0.266867,246982.0,0.0124266,0.344371,1.20254,246982.0,0.0810078,0.0102957,0.00301602,0.000767994
guesthost_Trp,PA,50,18.0,2,1,3-exp,-26856.1,0.993732,0.019142,2.83749e-05,0.0114651,1.0,0.000647962,0.259687,0.0160976,0.414525,0.00151044,0.2636,0.176775,0.00567989,0.00405471,0.000209526
guesthost_Trp,PA,50,18.0,2,3,3-exp,-3571.67,0.932493,0.00746645,8.20145e-05,0.00458512,0.685082,5.47809,784713.0,0.00458524,0.793741,4.68071,784713.0,0.0223584,0.0306718,0.00332418,0.0101562
guesthost_Leu,PA,10,20.0,0,2,2-exp,-92.708,0.986935,0.0219826,0.00129229,0.0101857,1.0,0.0622594,35.5559,0.0134841,0.874867,0.0683942,35.9732,0.0134841,0.874867,0.0683942,35.9732
guesthost_Leu,PA,10,20.0,0,3,3-exp,-2866.72,0.99684,0.0535143,0.000281028,0.00825473,0.907017,0.000376984,0.0231207,0.0338754,0.559494,0.000772936,0.0203075,0.5285,0.0512281,0.00814464,0.00106067
guesthost_Leu,PA,10,20.0,2,0,1-exp,-25.3596,0.687423,0.00284207,0.000629529,0.00284207,1.1,0.000629529,0.29502,,,,,,,,
guesthost_Leu,PA,10,20.0,2,3,1-exp,-97.3731,0.854515,0.00484714,0.000366013,0.00484714,1.1,0.000366013,0.110614,,,,,,,,
guesthost_Trp,PA,25,18.0,0,2,3-exp,-26022.5,0.999172,0.0571512,3.98087e-05,0.0337481,1.0,0.000125441,0.00334139,0.0981579,0.134111,0.00143528,0.00376038,0.716739,0.0142855,0.00483859,0.000177846
guesthost_Trp,PA,25,18.0,0,3,2-exp,-1009.87,0.997114,0.226427,0.000900024,0.0665035,0.177394,0.0112184,0.0164161,0.267262,0.80307,0.00239621,0.0164339,0.267262,0.80307,0.00239621,0.0164339
guesthost_Trp,PA,25,18.0,2,0,2-exp,-18612.9,0.993731,0.0186586,3.02254e-05,0.0122488,1.0,0.00115619,0.928612,0.0144541,0.443457,0.00213513,0.93287,0.0144541,0.443457,0.00213513,0.93287
guesthost_Trp,PA,25,18.0,2,3,3-exp,-304.289,0.873496,0.0105336,3.34901,0.00212708,0.52583,0.052354,63.7732,0.00295606,1.0,0.0292807,64.9588,1.0,0.00645903,533.542,0.0976944
guesthost_Thr,PA,50,74.0,0,1,3-exp,-1925.14,0.997327,0.0335867,0.000178191,0.023383,0.580808,6.53557,394396.0,0.0233863,0.606465,6.27209,394396.0,0.0567445,0.102612,0.0124235,0.086943
guesthost_Thr,PA,50,74.0,0,2,3-exp,-1691.85,0.997469,0.0454391,0.000245146,0.00898772,0.252141,0.0020802,0.0365848,0.0352594,1.0,0.000515263,0.0255599,0.372282,0.0212567,0.0202154,0.00133721
guesthost_Thr,PA,50,74.0,0,3,2-exp,-152.705,0.9409,0.0259618,0.00106929,0.0160422,1.0,0.00424717,0.126136,0.0517537,0.19167,0.0180498,0.180964,0.0517537,0.19167,0.0180498,0.180964
guesthost_Thr,PA,50,74.0,1,0,2-exp,-284.637,0.748992,0.00369425,0.00018964,0.00258272,1.0,0.000805653,0.136828,0.00887108,0.125298,0.00363389,0.138011,0.00887108,0.125298,0.00363389,0.138011
guesthost_Thr,PA,50,74.0,1,2,2-exp,-1789.74,0.989722,0.0114441,5.77757e-05,0.00689388,0.552433,0.000613769,0.058129,0.0148395,0.514552,0.000506964,0.0657469,0.0148395,0.514552,0.000506964,0.0657469
guesthost_Thr,PA,50,74.0,1,3,2-exp,-546.123,0.977189,0.0145289,0.000263495,0.0116757,0.845039,3.09048,1575940.0,0.0116764,0.399308,5.82054,1575940.0,0.0116764,0.399308,5.82054,1575940.0
guesthost_Thr,PA,50,74.0,2,0,2-exp,-546.414,0.852447,0.00435392,0.000143529,0.00255814,1.0,0.000473066,0.100563,0.00919137,0.195377,0.00142148,0.0800562,0.00919137,0.195377,0.00142148,0.0800562
guesthost_Thr,PA,50,74.0,2,1,2-exp,-1205.39,0.99244,0.0143209,0.000116375,0.0124535,0.818577,1.14378,558749.0,0.0124542,0.331354,3.18893,558749.0,0.0124542,0.331354,3.18893,558749.0
guesthost_Thr,PA,50,74.0,2,3,2-exp,-2663.16,0.985282,0.0101976,0.00012382,0.00174187,0.745481,0.000267971,0.141485,0.0115137,0.772909,0.000101689,0.0142338,0.0115137,0.772909,0.000101689,0.0142338
guesthost_Leu,PA,90,20.0,0,2,1-exp,-68.4825,0.59741,1.5424,0.154688,1.5424,0.467891,0.154688,0.0341923,,,,,,,,
guesthost_Leu,PA,90,20.0,0,3,1-exp,-16.9141,0.973116,0.034848,0.0040957,0.034848,0.87512,0.0040957,0.0877721,,,,,,,,
guesthost_Leu,PA,90,20.0,2,0,1-exp,-23.5571,0.284425,0.00232291,0.000979805,0.00232291,1.1,0.000979805,0.538659,,,,,,,,
guesthost_Leu,PA,90,20.0,2,3,2-exp,-821.6,0.919703,0.0113501,0.000299067,0.00488519,0.999999,0.00135939,0.410238,0.00857424,0.753995,0.000975943,0.482644,0.00857424,0.753995,0.000975943,0.482644
guesthost_Thr,PA,25,74.0,0,1,3-exp,-11911.1,0.995412,0.0280144,0.000100663,0.0145717,0.984494,0.000120474,0.00531653,0.0508407,0.150615,0.00106554,0.0059149,1.0,0.00601124,0.0175918,0.000143722
guesthost_Thr,PA,25,74.0,0,2,3-exp,-14540.4,0.998054,0.031704,3.73467e-05,0.0143784,1.0,0.00019166,0.0124795,0.0364569,0.376875,0.000616314,0.0150116,0.209131,0.0171467,0.00321723,0.000528542
guesthost_Thr,PA,25,74.0,0,3,3-exp,-11417.1,0.997708,0.0324921,5.26841e-05,0.01567,1.0,0.000261543,0.0192564,0.0353523,0.365638,0.000734484,0.0226224,0.391372,0.00995455,0.00731456,0.000247602
guesthost_Thr,PA,25,74.0,1,0,3-exp,-6286.32,0.9371,0.00630983,0.00431032,0.00105576,1.0,0.00807055,3.18185,0.00185232,1.0,0.00347944,9.9605,0.00865614,0.392986,0.000190767,0.0267487
guesthost_Thr,PA,25,74.0,1,2,2-exp,-4507.66,0.974624,0.0072795,3.74807e-05,0.00373552,0.749649,0.000240559,0.037962,0.00874592,0.512144,0.000229729,0.0486547,0.00874592,0.512144,0.000229729,0.0486547
guesthost_Thr,PA,25,74.0,1,3,2-exp,-2598.0,0.898967,0.00467907,5.92483e-05,0.00280882,1.0,0.000271455,0.0702835,0.00596555,0.313507,0.000421536,0.0987478,0.00596555,0.313507,0.000421536,0.0987478
guesthost_Thr,PA,25,74.0,2,0,2-exp,-4930.49,0.895769,0.0104877,0.000133037,0.00312387,1.0,0.000104981,0.0285668,0.0635928,0.115797,0.00140285,0.00357114,0.0635928,0.115797,0.00140285,0.00357114
guesthost_Thr,PA,25,74.0,2,1,3-exp,-7873.27,0.997264,0.0482055,0.000592042,0.00178653,0.576761,0.000184052,0.0810745,0.0608866,0.760617,0.000200836,0.00223126,1.0,0.000863692,1.10436,0.000452855
guesthost_Thr,PA,25,74.0,2,3,3-exp,-11463.4,0.959381,0.0068074,4.90629e-05,0.00369608,0.772374,0.44227,793923.0,0.00369697,0.621242,0.682674,793923.0,0.061133,0.0270873,0.00168743,0.00114534
guesthost_Leu,PA,20,20.0,0,1,3-exp,-8442.39,0.997918,0.059967,0.000108235,0.0073296,0.536523,0.000119823,0.00468573,0.0884174,0.507165,0.000398548,0.00213753,0.626195,0.0178734,0.00986607,0.000432838
guesthost_Leu,PA,20,20.0,0,2,3-exp,-1350.95,0.996337,0.0621447,0.000646752,0.00856064,0.348358,0.000987725,0.0225055,0.0406238,0.740595,0.000792221,0.0210814,1.0,0.0290768,0.0333501,0.00106678
guesthost_Leu,PA,20,20.0,0,3,2-exp,-707.243,0.990877,0.0818341,0.00138426,0.0429487,0.985139,0.000691562,0.0134469,0.773857,0.0510737,0.0425744,0.00257313,0.773857,0.0510737,0.0425744,0.00257313
guesthost_Leu,PA,20,20.0,1,0,2-exp,-5696.09,0.983395,0.00840646,3.35101e-05,0.00337313,0.937536,9.51671e-05,0.0162181,0.0131924,0.397503,0.000143316,0.0106063,0.0131924,0.397503,0.000143316,0.0106063
guesthost_Leu,PA,20,20.0,1,2,2-exp,-6403.87,0.99077,0.0106981,2.92548e-05,0.00446863,0.239323,0.000571221,0.0219127,0.011,0.875332,0.000100816,0.0277938,0.011,0.875332,0.000100816,0.0277938
guesthost_Leu,PA,20,20.0,1,3,2-exp,-214.816,0.876193,0.00447876,0.001581,0.00129925,1.0,0.00245851,1.66951,0.00317951,1.0,0.000754049,0.908082,0.00317951,1.0,0.000754049,0.908082
guesthost_Leu,PA,20,20.0,2,0,2-exp,-347.685,0.828627,0.00425488,0.000184246,0.00252727,1.0,0.000673025,0.138212,0.00910619,0.189718,0.00206773,0.110981,0.00910619,0.189718,0.00206773,0.110981
guesthost_Leu,PA,20,20.0,2,1,2-exp,-7379.53,0.995077,0.0164763,3.12199e-05,0.0096561,0.599579,0.000196811,0.0101258,0.0251286,0.425278,0.000213956,0.0114561,0.0251286,0.425278,0.000213956,0.0114561
guesthost_Leu,PA,20,20.0,2,3,2-exp,-1175.32,0.913073,0.00644247,9.89409e-05,0.00509167,1.0,0.000210852,0.0307912,0.0231812,0.0582711,0.00303307,0.0165564,0.0231812,0.0582711,0.00303307,0.0165564
guesthost_Trp,PA,60,18.0,0,1,3-exp,-13240.1,0.871909,0.0881771,0.000876638,0.0219968,0.794296,0.000916776,0.0210618,0.0935699,0.237842,0.00655165,0.0230899,1.0,0.0484502,0.0094091,0.00144475
guesthost_Trp,PA,60,18.0,0,2,3-exp,-7507.3,0.919921,0.0726436,0.000685269,0.0236635,1.0,0.00059954,0.0149644,0.185784,0.157713,0.010722,0.00770149,1.0,0.0196796,0.0551371,0.00223684
guesthost_Trp,PA,60,18.0,0,3,2-exp,-189.161,0.991785,0.0903315,0.00154494,0.00722982,1.0,0.00121689,0.202891,0.16298,0.50989,0.00411126,0.0164882,0.16298,0.50989,0.00411126,0.0164882
guesthost_Trp,PA,60,18.0,1,0,3-exp,-27413.9,0.989277,0.0194948,4.3392e-05,0.00552458,0.983292,5.74823e-05,0.00524896,0.0295348,0.0898719,0.00208632,0.00500097,0.119151,0.0957456,0.00104936,0.00210073
guesthost_Trp,PA,60,18.0,1,2,3-exp,-15469.6,0.977818,0.0216761,0.000292318,0.00125219,1.0,0.000360343,0.355359,0.00498732,0.732907,0.000249506,0.071444,0.102343,0.163848,0.000674345,0.00167732
guesthost_Trp,PA,60,18.0,1,3,3-exp,-1306.22,0.99634,0.103875,0.00716652,0.000844201,1.0,0.00314092,10.9835,0.113164,0.882529,0.00169448,0.00642843,1.0,0.0031603,2.77485,0.00593966
guesthost_Trp,PA,60,18.0,2,0,3-exp,-16429.2,0.993451,0.0161939,,0.0131487,0.955827,0.288051,179169.0,0.0131516,0.256442,1.12403,179169.0,0.122008,0.0020769,0.0117856,0.000281496
guesthost_Trp,PA,60,18.0,2,1,3-exp,-19416.9,0.994565,0.0188013,2.74477e-05,0.0129883,0.997229,2.59414,151621.0,0.0129885,0.378371,6.84978,151621.0,0.0447592,0.0208786,0.00230864,0.00337533
guesthost_Trp,PA,60,18.0,2,3,3-exp,-4957.21,0.976931,0.00912503,5.63813e-05,0.0047414,0.940863,0.000169828,0.0203725,0.0189878,0.219208,0.0021002,0.0164831,0.0658919,0.00761477,0.0466403,0.0115303
guesthost_Trp,PA,15,18.0,0,2,3-exp,-73805.6,0.99714,0.0610489,3.81151e-05,0.0415061,1.0,8.58748e-05,0.00124266,0.161692,0.0887712,0.00139474,0.00122998,1.0,0.00518922,0.0063901,7.95778e-05
guesthost_Trp,PA,15,18.0,0,3,2-exp,-1014.71,0.900322,0.241314,0.00471315,0.157171,0.761768,0.00748968,0.0209669,1.0,0.121586,0.0324965,0.010269,1.0,0.121586,0.0324965,0.010269
guesthost_Trp,PA,15,18.0,2,0,3-exp,-69093.1,0.995794,0.023951,2.76599e-05,0.0141838,1.0,0.00129648,0.84575,0.017212,0.303326,0.00429406,0.847587,0.489015,0.00929697,0.00335133,9.29989e-05
guesthost_Trp,PA,15,18.0,2,3,3-exp,-3330.1,0.96221,0.0272058,0.000477775,0.00403095,0.900277,2.27155,789992.0,0.00403117,0.496138,4.30044,789992.0,0.354081,0.0609375,0.00931995,0.00194593
guesthost_Tyr,PA,50,20.0,0,1,3-exp,-14764.5,0.976869,0.11359,0.000345414,0.0237421,0.219421,0.0023001,0.0111003,0.118436,0.774664,0.00105043,0.0104599,1.0,0.0166323,0.0116214,0.000541738
guesthost_Tyr,PA,50,20.0,0,2,3-exp,-26934.3,0.999367,0.115877,5.29465e-05,0.0437692,0.290648,0.000642124,0.00361509,0.128162,0.742532,0.000306521,0.00402756,1.0,0.00799092,0.0072206,0.000101855
guesthost_Tyr,PA,50,20.0,0,3,2-exp,-213.438,0.981788,0.109468,0.015201,0.0908114,0.830873,0.00606995,0.027802,0.861309,0.039493,0.793753,0.0263639,0.861309,0.039493,0.793753,0.0263639
guesthost_Tyr,PA,50,20.0,1,0,3-exp,-9266.98,0.941577,0.0112031,0.000421634,0.00147137,1.0,0.00114316,0.277767,0.00335493,0.622792,0.00114519,0.706975,0.0417656,0.18298,0.000518124,0.00397316
guesthost_Tyr,PA,50,20.0,1,2,3-exp,-44393.1,0.990952,0.0152967,1.99031e-05,0.00501027,0.237725,30.7835,134214.0,0.00501029,0.787167,9.2964,134214.0,0.0440049,0.230922,0.000129173,0.00133057
guesthost_Tyr,PA,50,20.0,1,3,2-exp,-1971.98,0.981518,0.0242887,0.00019303,0.00241469,0.729988,0.000372205,0.109249,0.0429262,0.524761,0.000429421,0.00828204,0.0429262,0.524761,0.000429421,0.00828204
guesthost_Tyr,PA,50,20.0,2,0,2-exp,-13316.6,0.958315,0.0421941,0.00021149,0.00211375,1.0,0.000152559,0.0834129,0.106682,0.375701,0.000580716,0.00299886,0.106682,0.375701,0.000580716,0.00299886
guesthost_Tyr,PA,50,20.0,2,1,2-exp,-69794.1,0.999732,0.106495,1.88979e-05,0.0660374,0.25211,0.000486159,0.00348675,0.120361,0.746468,0.000127407,0.00365821,0.120361,0.746468,0.000127407,0.00365821
guesthost_Tyr,PA,50,20.0,2,3,3-exp,-8419.24,0.886242,0.0106039,0.000832045,0.00119967,1.0,0.00126398,0.799772,0.00303465,0.920984,0.000581638,0.571143,0.113878,0.0580387,0.00276475,0.00198181
guesthost_Tyr,PA,25,20.0,0,1,3-exp,-21771.2,0.993745,0.0655388,0.000147412,0.0127085,0.607408,0.000158451,0.0038293,0.0930072,0.421921,0.000538181,0.00276148,1.0,0.0185779,0.00754062,0.000272404
guesthost_Tyr,PA,25,20.0,0,2,3-exp,-28200.0,0.998588,0.0787498,5.36221e-05,0.00861914,0.502804,8.84233e-05,0.00379144,0.109126,0.647131,0.000144052,0.000984547,0.861655,0.00440658,0.0144914,0.000109633
guesthost_Tyr,PA,25,20.0,0,3,2-exp,-2939.33,0.998626,0.132621,0.000265904,0.118155,0.956982,0.00044958,0.00263262,0.734064,0.0266302,0.0188471,0.00103488,0.734064,0.0266302,0.0188471,0.00103488
guesthost_Tyr,PA,25,20.0,1,0,3-exp,-14780.6,0.968446,0.00672966,0.000131712,0.00139797,1.0,0.000202612,0.156407,0.00561021,0.786756,0.00017783,0.0353338,0.0165431,0.0554806,0.000719033,0.00784747
guesthost_Tyr,PA,25,20.0,1,2,2-exp,-20290.8,0.934185,0.00663552,2.81552e-05,0.00340525,1.0,0.000138321,0.0716929,0.00548536,0.588889,0.000110754,0.0817478,0.00548536,0.588889,0.000110754,0.0817478
guesthost_Tyr,PA,25,20.0,1,3,3-exp,-597.917,0.764351,0.00392248,0.00308743,0.00125242,1.0,0.00819852,4.5257,0.00239204,1.0,0.0056682,8.78201,0.00925943,0.0300249,0.0191644,0.170188
guesthost_Tyr,PA,25,20.0,2,0,3-exp,-21968.5,0.994321,0.0794604,0.000173577,0.00141237,1.0,0.000158303,0.191411,0.0561793,0.223456,0.00189798,0.00593895,0.147639,0.443613,0.000710673,0.00677122
guesthost_Tyr,PA,25,20.0,2,1,3-exp,-59892.1,0.999676,0.117425,2.47331e-05,0.0128479,0.0799747,0.000419767,0.00128655,0.0990318,0.598141,0.000427846,0.00388909,0.174753,0.327104,0.000472346,0.0045743
guesthost_Tyr,PA,25,20.0,2,3,3-exp,-4546.95,0.879537,0.00444216,8.517e-05,0.00303442,0.493115,1.55325,1997940.0,0.00303505,0.816442,0.815923,1997940.0,0.0212373,0.0220319,0.00242389,0.00486667
guesthost_Thr,PA,60,74.0,0,1,3-exp,-1114.58,0.994703,0.0289878,0.00020704,0.0110578,0.73074,288.027,764877.0,0.0110578,0.662326,317.774,764877.0,0.0665971,0.203967,0.00180074,0.0117946
guesthost_Thr,PA,60,74.0,0,2,3-exp,-765.088,0.989659,0.0265917,0.000533549,0.00722599,1.0,0.00152347,0.115039,0.0206123,0.685192,0.00243633,0.170489,0.234551,0.0223503,0.0500913,0.00573775
guesthost_Thr,PA,60,74.0,0,3,1-exp,-16.0925,0.856804,0.0157259,0.00363397,0.0157259,1.1,0.00363397,0.28533,,,,,,,,
guesthost_Thr,PA,60,74.0,1,0,2-exp,-215.912,0.840179,0.00476409,0.000481408,0.00196418,1.0,0.00138869,0.511943,0.00721584,0.388023,0.00165353,0.227112,0.00721584,0.388023,0.00165353,0.227112
guesthost_Thr,PA,60,74.0,1,2,2-exp,-947.354,0.978174,0.00721069,,0.00577963,0.99918,1.4677,1316580.0,0.00578184,0.24833,5.83743,1316580.0,0.00578184,0.24833,5.83743,1316580.0
guesthost_Thr,PA,60,74.0,1,3,2-exp,-249.64,0.950375,0.0114949,0.000203738,0.00796417,0.956846,14.5326,2966680.0,0.00796432,0.486476,28.3916,2966680.0,0.00796432,0.486476,28.3916,2966680.0
guesthost_Thr,PA,60,74.0,2,0,2-exp,-226.04,0.738244,0.00360552,0.000847983,0.00152511,1.0,0.00200362,0.608714,0.00324879,0.640363,0.00113782,1.03573,0.00324879,0.640363,0.00113782,1.03573
guesthost_Thr,PA,60,74.0,2,1,2-exp,-516.115,0.984186,0.00842203,9.85687e-05,0.00456697,0.83133,0.000682184,0.112699,0.0108439,0.426543,0.0010878,0.139251,0.0108439,0.426543,0.0010878,0.139251
guesthost_Thr,PA,60,74.0,2,3,2-exp,-1825.93,0.976808,0.00931796,9.91018e-05,0.00738602,0.991501,0.567934,1008960.0,0.00738689,0.270033,2.35903,1008960.0,0.00738689,0.270033,2.35903,1008960.0
guesthost_Thr,PA,20,20.0,0,1,3-exp,-1035.59,0.995611,0.0264179,0.0160584,0.0145069,0.262199,0.0350737,3.76007,0.0199366,0.802273,0.0148439,3.76392,1.0,0.00661963,3.31114,0.00648927
guesthost_Thr,PA,20,20.0,0,2,2-exp,-551.443,0.992233,0.0337547,0.000280419,0.0239629,1.0,0.00417227,0.37704,0.0431474,0.226938,0.0180315,0.399253,0.0431474,0.226938,0.0180315,0.399253
guesthost_Thr,PA,20,20.0,0,3,2-exp,-507.711,0.986237,0.0383479,0.000223862,0.0300157,0.55918,26.4338,1060820.0,0.0300165,0.718392,20.3629,1060820.0,0.0300165,0.718392,20.3629,1060820.0
guesthost_Thr,PA,20,20.0,1,0,2-exp,-500.061,0.939393,0.00822075,0.000209498,0.00254064,1.0,0.000427081,0.131233,0.0181067,0.313702,0.00110618,0.0352662,0.0181067,0.313702,0.00110618,0.0352662
guesthost_Thr,PA,20,20.0,1,2,2-exp,-271.248,0.972803,0.00784889,0.000251275,0.00214842,0.99485,0.000586548,0.216925,0.00997842,0.572389,0.000600542,0.0754976,0.00997842,0.572389,0.000600542,0.0754976
guesthost_Thr,PA,20,20.0,1,3,2-exp,-181.592,0.861932,0.0046148,0.00033014,0.00263884,1.0,0.00185166,0.373096,0.00598431,0.330189,0.00290063,0.653759,0.00598431,0.330189,0.00290063,0.653759
guesthost_Thr,PA,20,20.0,2,0,2-exp,-231.604,0.825262,0.00872323,0.000994047,0.00323229,1.0,0.000374381,0.109542,0.119799,0.0458346,0.0294874,0.00883979,0.119799,0.0458346,0.0294874,0.00883979
guesthost_Thr,PA,20,20.0,2,1,2-exp,-320.702,0.988093,0.0590777,0.000852651,0.00355554,0.549186,0.000890559,0.10079,0.0982313,0.581536,0.00192874,0.0156118,0.0982313,0.581536,0.00192874,0.0156118
guesthost_Thr,PA,20,20.0,2,3,2-exp,-594.267,0.838731,0.00629937,0.000766699,0.0049863,1.0,0.00022474,0.0491991,0.14647,0.00896477,0.149017,0.00497115,0.14647,0.00896477,0.149017,0.00497115
guesthost_Thr,PA,15,74.0,0,1,3-exp,-1681.36,0.899131,0.0490569,0.00212505,0.0135136,1.0,0.0760699,78.3208,0.0154591,0.358216,0.215811,78.3752,1.0,0.0300056,0.029792,0.00253006
guesthost_Thr,PA,15,74.0,0,2,3-exp,-14524.0,0.996215,0.0259954,6.25621e-05,0.00980397,1.0,0.000198243,0.0157727,0.023541,0.565589,0.000290276,0.0210596,0.507323,0.0056706,0.0108756,0.000128097
guesthost_Thr,PA,15,74.0,0,3,3-exp,-7779.84,0.996678,0.0255532,9.04993e-05,0.00726135,1.0,0.000284761,0.0221058,0.0193725,0.781642,0.000306112,0.0319745,0.183223,0.0171894,0.00385408,0.000560046
guesthost_Thr,PA,15,74.0,1,0,2-exp,-1093.07,0.75095,0.00362984,0.000565682,0.00137127,0.999999,0.00114629,0.394417,0.00263308,0.85777,0.000407246,0.733858,0.00263308,0.85777,0.000407246,0.733858
guesthost_Thr,PA,15,74.0,1,2,1-exp,-1374.18,0.851835,0.00375376,7.05091e-05,0.00375376,1.1,7.05091e-05,0.0292866,,,,,,,,
guesthost_Thr,PA,15,74.0,1,3,3-exp,-552.973,0.807479,0.00454793,0.00899601,0.00289932,0.828297,5111.37,29133500.0,0.00290017,0.220058,29329.0,18740300.0,0.00290179,0.51976,4278.7,17806800.0
guesthost_Thr,PA,15,74.0,2,0,3-exp,-8630.56,0.967433,0.0200254,0.000264022,0.00172225,0.999999,0.00115795,0.744319,0.00338615,0.709923,0.0012845,1.02949,0.101647,0.156416,0.0010216,0.00234499
guesthost_Thr,PA,15,74.0,2,1,2-exp,-3660.94,0.991736,0.0467376,0.0001954,0.00261257,0.863283,0.000122177,0.0405622,0.0867879,0.512539,0.000424326,0.00361751,0.0867879,0.512539,0.000424326,0.00361751
guesthost_Thr,PA,15,74.0,2,3,2-exp,-16529.3,0.914678,0.00831798,4.99989e-05,0.00605867,1.0,4.66552e-05,0.00796813,0.103971,0.0217302,0.00317735,0.000898208,0.103971,0.0217302,0.00317735,0.000898208
guesthost_Ala,PA,27,20.0,0,1,3-exp,-1709.97,0.996662,0.0313502,0.00314183,0.0170412,0.97391,0.000290109,0.00893611,0.100525,0.0831723,0.0172077,0.00584015,1.0,0.00639283,1.05141,0.0049109
guesthost_Ala,PA,27,20.0,0,2,3-exp,-1962.65,0.996841,0.0337661,0.000188516,0.00754307,0.644569,0.000985857,0.0470148,0.0247534,0.772882,0.00131007,0.0537605,0.0847983,0.115245,0.00336617,0.0122256
guesthost_Ala,PA,27,20.0,0,3,3-exp,-523.457,0.994461,0.0458526,0.000674227,0.00738495,0.30872,0.0059623,0.132165,0.0220145,1.0,0.00203834,0.190628,0.25129,0.0857901,0.0145465,0.00644949
guesthost_Ala,PA,27,20.0,1,0,2-exp,-856.326,0.951637,0.00780857,0.000132596,0.0026639,1.0,0.00030485,0.0866201,0.0160925,0.319695,0.000647463,0.0252752,0.0160925,0.319695,0.000647463,0.0252752
guesthost_Ala,PA,27,20.0,1,2,1-exp,-1053.9,0.979646,0.00988693,8.73798e-05,0.00988693,1.00365,8.73798e-05,0.0121998,,,,,,,,
guesthost_Ala,PA,27,20.0,1,3,2-exp,-129.532,0.869426,0.00458713,0.000374434,0.00246359,1.0,0.00183527,0.299532,0.0061975,0.342644,0.003084,0.585571,0.0061975,0.342644,0.003084,0.585571
guesthost_Ala,PA,27,20.0,2,0,2-exp,-926.362,0.938693,0.00973229,0.000194739,0.00317283,1.0,0.000222213,0.0588965,0.0365343,0.179543,0.00160517,0.0121343,0.0365343,0.179543,0.00160517,0.0121343
guesthost_Ala,PA,27,20.0,2,1,2-exp,-1297.79,0.994688,0.0342087,0.000154968,0.0142119,0.381368,0.00137777,0.0273418,0.041976,0.685837,0.000670681,0.0306392,0.041976,0.685837,0.000670681,0.0306392
guesthost_Ala,PA,27,20.0,2,3,2-exp,-3126.69,0.909162,0.00799792,8.27114e-05,0.00652596,1.0,0.000143771,0.019468,0.0524634,0.0280569,0.00482891,0.0041509,0.0524634,0.0280569,0.00482891,0.0041509
guesthost_Trp,PA,80,53.0,0,1,2-exp,-1513.01,0.997483,0.0379684,0.000124416,0.0250285,0.970897,0.000336595,0.00730456,0.100659,0.135789,0.00232431,0.00671465,0.100659,0.135789,0.00232431,0.00671465
guesthost_Trp,PA,80,53.0,0,2,2-exp,-398.06,0.990524,0.0451371,0.000623436,0.0236385,1.0,0.000960118,0.0227112,0.179373,0.119854,0.0130677,0.0123206,0.179373,0.119854,0.0130677,0.0123206
guesthost_Trp,PA,80,53.0,1,0,2-exp,-731.469,0.973926,0.00932427,0.00011446,0.00542083,1.0,0.000302224,0.0303167,0.023797,0.164031,0.00187088,0.0266596,0.023797,0.164031,0.00187088,0.0266596
guesthost_Trp,PA,80,53.0,1,2,2-exp,-690.171,0.986412,0.0206949,0.000211119,0.00289027,0.62487,0.00049029,0.0910958,0.029591,0.638329,0.000455298,0.0162772,0.029591,0.638329,0.000455298,0.0162772
guesthost_Trp,PA,80,53.0,1,3,1-exp,-105.621,0.970055,0.0348568,0.00125259,0.0348568,1.1,0.00125259,0.0523374,,,,,,,,
guesthost_Trp,PA,80,53.0,2,0,1-exp,-333.605,0.952784,0.00573885,0.000124779,0.00573885,1.1,0.000124779,0.033588,,,,,,,,
guesthost_Trp,PA,80,53.0,2,1,2-exp,-410.174,0.96967,0.0128475,0.000350924,0.008138,0.631295,6.07171,3190150.0,0.00813842,0.947365,3.50619,3190150.0,0.00813842,0.947365,3.50619,3190150.0
guesthost_Trp,PA,80,53.0,2,3,2-exp,-334.862,0.935483,0.00498558,0.000165576,0.00315889,1.0,0.00340533,3.57271,0.00470886,0.387927,0.00714545,3.72524,0.00470886,0.387927,0.00714545,3.72524
guesthost_Phe,PA,15,20.0,0,1,3-exp,-4996.98,0.99335,0.0303593,0.00030654,0.00614523,0.86448,0.000137767,0.0100929,0.0275919,0.29298,0.000681269,0.0109181,1.0,0.016963,0.0211048,0.000417109
guesthost_Phe,PA,15,20.0,0,2,3-exp,-2323.81,0.995682,0.0310245,0.00015427,0.00754457,0.849454,0.000166165,0.0108819,0.0637591,0.294497,0.00233916,0.00548898,0.232705,0.0250914,0.0285533,0.00628269
guesthost_Phe,PA,15,20.0,0,3,2-exp,-772.758,0.994673,0.0402728,0.000316896,0.00877547,0.342608,0.00217485,0.0631666,0.0402603,0.925632,0.000492669,0.0256954,0.0402603,0.925632,0.000492669,0.0256954
guesthost_Phe,PA,15,20.0,1,0,2-exp,-4178.64,0.984252,0.00820088,9.25529e-05,0.00175015,0.519783,0.000310581,0.0998581,0.00766619,0.951082,6.35319e-05,0.0199252,0.00766619,0.951082,6.35319e-05,0.0199252
guesthost_Phe,PA,15,20.0,1,2,2-exp,-14312.9,0.99046,0.00985484,1.75065e-05,0.00819926,1.0,0.000125053,0.0303184,0.01407,0.117668,0.000750909,0.0325347,0.01407,0.117668,0.000750909,0.0325347
guesthost_Phe,PA,15,20.0,1,3,2-exp,-181.596,0.941387,0.00569256,0.000239015,0.00293511,1.0,0.0016904,0.647236,0.00601712,0.458267,0.00274611,0.81304,0.00601712,0.458267,0.00274611,0.81304
guesthost_Phe,PA,15,20.0,2,0,2-exp,-1781.47,0.987974,0.0122355,0.000266981,0.00138501,1.0,0.000294363,0.356196,0.0142772,0.759989,0.000125138,0.0122122,0.0142772,0.759989,0.000125138,0.0122122
guesthost_Phe,PA,15,20.0,2,1,2-exp,-17222.0,0.996262,0.0167357,1.83942e-05,0.0141676,0.86242,0.000115787,0.00991143,0.0280203,0.161217,0.000444202,0.0108524,0.0280203,0.161217,0.000444202,0.0108524
guesthost_Phe,PA,15,20.0,2,3,2-exp,-1249.72,0.970735,0.00635406,7.5823e-05,0.00367172,1.0,0.000794295,0.525866,0.00589268,0.455198,0.0012872,0.56508,0.00589268,0.455198,0.0012872,0.56508
guesthost_Ala,PA,80,20.0,0,1,1-exp,-27.7758,0.33726,2.60241,0.501103,2.60241,0.422039,0.501103,0.0426863,,,,,,,,
guesthost_Ala,PA,80,20.0,0,2,3-exp,-476.49,0.970227,0.145161,0.00598008,0.00428231,1.0,0.00534313,0.617702,0.0111736,0.852821,0.00454334,0.946182,1.0,0.13135,0.0427709,0.00765901
guesthost_Ala,PA,80,20.0,0,3,2-exp,-69.6698,0.93179,0.0348081,0.0024233,0.00889371,1.0,0.00348209,0.320847,0.0960172,0.269893,0.0235648,0.0847148,0.0960172,0.269893,0.0235648,0.0847148
guesthost_Ala,PA,80,20.0,1,0,1-exp,-12.0342,0.13568,0.00232971,0.00182965,0.00232971,1.1,0.00182965,0.95499,,,,,,,,
guesthost_Ala,PA,80,20.0,1,2,1-exp,-80.0011,0.589028,0.0055334,0.000698333,0.0055334,1.1,0.000698333,0.177534,,,,,,,,
guesthost_Ala,PA,80,20.0,1,3,1-exp,-85.8702,0.76953,0.00392927,0.000335132,0.00392927,1.1,0.000335132,0.123389,,,,,,,,
guesthost_Ala,PA,80,20.0,2,0,2-exp,-143.504,0.747587,0.00370919,0.00158485,0.00138072,1.0,0.00349709,1.01748,0.00261745,0.889597,0.00131152,2.4637,0.00261745,0.889597,0.00131152,2.4637
guesthost_Ala,PA,80,20.0,2,1,1-exp,-78.8892,0.738339,0.00306543,0.000279236,0.00306543,1.1,0.000279236,0.130842,,,,,,,,
guesthost_Ala,PA,80,20.0,2,3,1-exp,-1961.09,0.788482,0.0069822,0.000144735,0.0069822,1.1,0.000144735,0.0319407,,,,,,,,
guesthost_Ala,PA,20,20.0,0,1,3-exp,-862.432,0.99577,0.0349171,0.000729435,0.00873615,0.524563,0.000832631,0.0322778,0.0328527,0.587187,0.0012123,0.0360886,0.626928,0.0176156,0.0766851,0.00164447
guesthost_Ala,PA,20,20.0,0,2,3-exp,-7702.17,0.997783,0.0324194,4.57377e-05,0.0180277,0.753529,0.000520853,0.0357499,0.0413036,0.360984,0.002119,0.0343611,0.13397,0.0292982,0.00750344,0.0046984
guesthost_Ala,PA,20,20.0,0,3,3-exp,-855.839,0.919796,0.075538,0.00386033,0.00485308,1.0,0.00258788,0.624235,0.0239184,0.867723,0.00207167,0.124222,1.0,0.0499304,0.0380123,0.00408009
guesthost_Ala,PA,20,20.0,1,0,2-exp,-344.4,0.885185,0.00430185,0.00040616,0.00174758,1.0,0.00114232,0.29843,0.00391566,0.652323,0.000748777,0.518839,0.00391566,0.652323,0.000748777,0.518839
guesthost_Ala,PA,20,20.0,1,2,2-exp,-687.141,0.949875,0.0053792,0.000247048,0.00403967,0.937534,3.06995,2746660.0,0.00403976,0.394052,7.00311,2746660.0,0.00403976,0.394052,7.00311,2746660.0
guesthost_Ala,PA,20,20.0,1,3,1-exp,-61.3432,0.732691,0.00379905,0.000414214,0.00379905,1.1,0.000414214,0.154602,,,,,,,,
guesthost_Ala,PA,20,20.0,2,0,3-exp,-6470.1,0.993292,0.0359073,0.000106312,0.00233541,0.904893,9.36372e-05,0.0359788,0.0517961,0.433879,0.00128623,0.0110055,0.113692,0.0995741,0.00398315,0.0128799
guesthost_Ala,PA,20,20.0,2,1,3-exp,-1281.21,0.996475,0.0367781,0.000265377,0.00153261,0.694359,0.000399311,0.277028,0.0337704,0.702434,0.000795851,0.00906345,0.127907,0.093759,0.00573682,0.00903739
guesthost_Ala,PA,20,20.0,2,3,3-exp,-14335.0,0.980095,0.0108392,4.6975e-05,0.00489774,1.0,0.00134035,1.48524,0.00660951,0.668463,0.00198495,1.50267,0.0602414,0.0252852,0.00135649,0.00110131
guesthost_Trp,PA,40,90.0,0,1,3-exp,-33971.1,0.998681,0.0623084,5.55338e-05,0.0192111,0.875683,4.21005e-05,0.00109661,0.215291,0.146203,0.00119463,0.000498679,0.800547,0.0174998,0.00715337,0.00036829
guesthost_Trp,PA,40,90.0,0,2,3-exp,-5169.85,0.99521,0.0743172,0.000338889,0.0224055,1.0,0.000247055,0.00622535,0.180639,0.129312,0.00610157,0.00333746,1.0,0.0285528,0.0202418,0.00120775
guesthost_Trp,PA,40,90.0,0,3,1-exp,-169.612,0.938251,0.406814,0.0138233,0.406814,1.08694,0.0138233,0.050225,,,,,,,,
guesthost_Trp,PA,40,90.0,1,0,3-exp,-22750.5,0.988874,0.00953468,1.5913e-05,0.0058142,1.0,5.86949e-05,0.00707399,0.0178105,0.190044,0.000386735,0.00814725,0.106016,0.0031664,0.00839002,0.000447633
guesthost_Trp,PA,40,90.0,1,2,3-exp,-7535.28,0.976964,0.00690091,7.98897e-05,0.00177419,0.604378,0.00030645,0.0715866,0.00591474,0.920684,0.000127741,0.0440763,0.0366586,0.0104483,0.00312815,0.0016086
guesthost_Trp,PA,40,90.0,1,3,2-exp,-364.398,0.967553,0.0113155,0.000264063,0.00392101,1.0,0.000318804,0.0577738,0.0399805,0.184952,0.00241837,0.0157884,0.0399805,0.184952,0.00241837,0.0157884
guesthost_Trp,PA,40,90.0,2,0,2-exp,-4373.38,0.987413,0.0159545,9.61671e-05,0.0103444,0.944619,0.665211,402458.0,0.0103476,0.597526,1.10612,402458.0,0.0103476,0.597526,1.10612,402458.0
guesthost_Trp,PA,40,90.0,2,1,2-exp,-9202.4,0.990592,0.0159562,4.71007e-05,0.0099318,1.0,0.00267546,3.09016,0.0115158,0.523145,0.00441295,3.09926,0.0115158,0.523145,0.00441295,3.09926
guesthost_Trp,PA,40,90.0,2,3,1-exp,-105.134,0.719344,0.00293723,0.000235995,0.00293723,1.1,0.000235995,0.116474,,,,,,,,
guesthost_Leu,PA,27,20.0,0,1,3-exp,-1473.55,0.998055,0.0891304,0.000363448,0.00945465,0.173792,0.00217493,0.0236093,0.0469841,0.820891,0.000996986,0.020833,0.421674,0.11601,0.00595569,0.0025889
guesthost_Leu,PA,27,20.0,0,2,3-exp,-2839.11,0.998203,0.0683693,0.000260613,0.0345723,0.632807,0.00143994,0.0369275,0.0803665,0.474901,0.00267903,0.0395127,0.853741,0.00975185,0.072922,0.000959516
guesthost_Leu,PA,27,20.0,0,3,3-exp,-1854.64,0.996965,0.0816697,0.000453,0.047352,0.872423,0.00217843,0.0575742,0.115867,0.201859,0.0161568,0.0604779,1.0,0.0169699,0.0719245,0.00208782
guesthost_Leu,PA,27,20.0,1,0,2-exp,-263.18,0.762959,0.00495521,0.000329591,0.00224521,1.0,0.00090081,0.315024,0.0132201,0.204992,0.0030785,0.0946214,0.0132201,0.204992,0.0030785,0.0946214
guesthost_Leu,PA,27,20.0,1,2,2-exp,-834.458,0.983057,0.00912184,8.55141e-05,0.00476826,0.815138,0.000461676,0.0489818,0.0131235,0.398907,0.000705015,0.0634489,0.0131235,0.398907,0.000705015,0.0634489
guesthost_Leu,PA,27,20.0,1,3,1-exp,-174.664,0.729106,0.00293002,0.000182835,0.00293002,1.1,0.000182835,0.0920212,,,,,,,,
guesthost_Leu,PA,27,20.0,2,0,2-exp,-529.871,0.659065,0.00506672,0.13138,0.00275745,1.0,0.000169313,0.0664771,1.0,0.00230927,58.5332,0.00393062,1.0,0.00230927,58.5332,0.00393062
guesthost_Leu,PA,27,20.0,2,1,2-exp,-555.161,0.981322,0.0109867,0.000134477,0.00385968,0.803663,0.000409868,0.0482469,0.0191457,0.411833,0.000657711,0.028665,0.0191457,0.411833,0.000657711,0.028665
guesthost_Leu,PA,27,20.0,2,3,3-exp,-3056.69,0.970592,0.00659396,8.04092e-05,0.00355322,0.729802,1.56925,1073700.0,0.00355353,0.606511,1.80682,1073700.0,0.0145322,0.126998,0.000810644,0.0194838
guesthost_Trp,PA,20,53.0,0,2,3-exp,-5105.18,0.879498,0.0870876,0.00103446,0.0401486,0.915367,0.0019674,0.0282433,0.155334,0.168477,0.0191235,0.0309372,1.0,0.0241668,0.0370366,0.0023978
guesthost_Trp,PA,20,53.0,0,3,2-exp,-700.135,0.980613,0.343492,0.00372347,0.281582,0.841392,0.0100731,0.019491,1.0,0.106571,0.0627504,0.0174257,1.0,0.106571,0.0627504,0.0174257
guesthost_Trp,PA,20,53.0,2,0,2-exp,-11314.4,0.990833,0.0171022,,0.0116214,0.853359,0.548391,229132.0,0.011622,0.618222,0.706664,229132.0,0.011622,0.618222,0.706664,229132.0
guesthost_Trp,PA,20,53.0,2,3,3-exp,-1083.95,0.971856,0.00779433,,0.00412411,0.683837,1.39734,2052080.0,0.00412468,0.555818,2.55936,2052080.0,0.0378492,0.0708479,0.00305578,0.00996236
guesthost_Phe,PA,30,19.0,0,1,3-exp,-10079.8,0.996667,0.0280961,5.89465e-05,0.00796641,0.836033,7.64704e-05,0.004263,0.0533233,0.261383,0.000712963,0.00296481,0.271397,0.027628,0.00484402,0.00098478
guesthost_Phe,PA,30,19.0,0,2,3-exp,-1618.0,0.997449,0.0555683,0.000184659,0.00710072,0.306975,0.00108775,0.029012,0.0334815,0.4657,0.0023743,0.0254346,0.115183,0.32814,0.00182543,0.0138115
guesthost_Phe,PA,30,19.0,0,3,3-exp,-1137.07,0.996896,0.0848429,0.00938186,0.0436935,0.823403,0.00302955,0.0679195,0.138128,0.293229,0.0304581,0.0566173,1.0,0.00836252,2.69489,0.0198639
guesthost_Phe,PA,30,19.0,1,0,3-exp,-8966.46,0.993976,0.0144642,0.000123494,0.00136884,0.9374,0.000157051,0.161674,0.0122015,0.589436,0.000370331,0.0136284,0.0260154,0.230211,0.000523372,0.0188416
guesthost_Phe,PA,30,19.0,1,2,3-exp,-30661.7,0.994755,0.0128237,1.23748e-05,0.0105589,0.285467,0.174951,206.496,0.0110568,0.733007,0.0724276,206.48,0.0260257,0.0655064,0.00144559,0.0200288
guesthost_Phe,PA,30,19.0,1,3,3-exp,-745.621,0.939595,0.0069381,0.000287569,0.00277073,0.870095,2.44719,3922440.0,0.00277198,0.578436,4.97932,3922440.0,0.0306909,0.0952687,0.00268716,0.0131355
guesthost_Phe,PA,30,19.0,2,0,2-exp,-678.903,0.929788,0.00813455,0.000190399,0.00231443,1.0,0.000419178,0.173472,0.0176147,0.330412,0.000757712,0.0251229,0.0176147,0.330412,0.000757712,0.0251229
guesthost_Phe,PA,30,19.0,2,1,3-exp,-32781.9,0.996376,0.0155879,1.2442e-05,0.0128499,0.918011,0.000200557,0.0361543,0.0243709,0.13753,0.00256694,0.033083,0.0609665,0.00721351,0.0102848,0.00456685
guesthost_Phe,PA,30,19.0,2,3,2-exp,-627.513,0.854366,0.00428383,0.000158772,0.00256709,1.0,0.000874349,0.217397,0.00534472,0.321203,0.00124998,0.351541,0.00534472,0.321203,0.00124998,0.351541
guesthost_Tyr,PA,70,20.0,0,1,3-exp,-17209.4,0.998881,0.0703842,6.60189e-05,0.0211559,0.794328,0.000151034,0.00306608,0.0939221,0.35136,0.000659154,0.00320916,0.55588,0.0370206,0.00324094,0.000412045
guesthost_Tyr,PA,70,20.0,0,2,3-exp,-13516.1,0.998943,0.0824956,0.000113304,0.0208332,0.969798,0.000116922,0.00282965,0.110872,0.209033,0.00133727,0.00264944,0.816606,0.0479005,0.00419842,0.000440882
guesthost_Tyr,PA,70,20.0,0,3,1-exp,-8.17325,0.614843,0.0105767,0.00759743,0.0105767,1.1,0.00759743,0.835239,,,,,,,,
guesthost_Tyr,PA,70,20.0,1,0,2-exp,-3246.1,0.851434,0.00418567,6.38592e-05,0.0023578,1.0,0.000208173,0.0510125,0.00722209,0.253095,0.000363486,0.0404522,0.00722209,0.253095,0.000363486,0.0404522
guesthost_Tyr,PA,70,20.0,1,2,3-exp,-16533.3,0.978517,0.00716662,1.45858e-05,0.00507155,0.55292,0.516082,323004.0,0.00507242,0.613392,0.531995,323004.0,0.0133268,0.0938769,0.000639652,0.0186602
guesthost_Tyr,PA,70,20.0,1,3,1-exp,-432.002,0.925679,0.0059139,0.000135591,0.0059139,1.1,0.000135591,0.0356056,,,,,,,,
guesthost_Tyr,PA,70,20.0,2,0,2-exp,-7154.99,0.922358,0.0146744,0.000125921,0.0026563,1.0,0.000124844,0.0423853,0.0523602,0.229527,0.00065215,0.0043493,0.0523602,0.229527,0.00065215,0.0043493
guesthost_Tyr,PA,70,20.0,2,1,3-exp,-20116.9,0.998738,0.0476366,4.05811e-05,0.0181075,0.2262,0.000517862,0.0059111,0.0586949,0.735203,0.000321628,0.00570699,0.2715,0.00142907,0.100118,0.000914063
guesthost_Tyr,PA,70,20.0,2,3,3-exp,-27550.4,0.996557,0.0293652,2.89146e-05,0.00566412,0.671618,8.43754e-05,0.00553536,0.0307577,0.0603698,0.00598115,0.0128442,0.0576049,0.411496,0.000488904,0.0168438
guesthost_Trp,PA,40,18.0,0,1,3-exp,-97878.3,0.998192,0.0471637,3.02333e-05,0.0193997,0.893351,4.20399e-05,0.00115175,0.0887354,0.134203,0.000665556,0.00118507,0.591796,0.0302881,0.00165193,0.000158625
guesthost_Trp,PA,40,18.0,0,2,3-exp,-18630.0,0.993012,0.0857448,0.000228884,0.0294772,1.0,0.000185342,0.00347869,0.221106,0.0886372,0.00703722,0.00210356,1.0,0.0366694,0.00911846,0.000816702
guesthost_Trp,PA,40,18.0,0,3,3-exp,-226.533,0.95449,0.494863,0.0141617,0.00780021,0.635931,0.00642028,0.514138,0.386763,0.33718,0.162561,0.11581,1.0,0.359494,0.108326,0.131078
guesthost_Trp,PA,40,18.0,1,0,2-exp,-69305.2,0.988756,0.00962073,8.55979e-06,0.00538776,0.832638,3.47655e-05,0.00338229,0.0154132,0.333135,5.8779e-05,0.00385165,0.0154132,0.333135,5.8779e-05,0.00385165
guesthost_Trp,PA,40,18.0,1,2,3-exp,-20402.0,0.952755,0.00589418,0.000119964,0.00142268,1.0,0.000203435,0.131958,0.00471199,0.805967,0.000149987,0.0502964,0.0177815,0.0378923,0.000695319,0.00418721
guesthost_Trp,PA,40,18.0,1,3,2-exp,-651.827,0.950036,0.00763514,0.000129572,0.0035661,1.0,0.000283536,0.0500264,0.0195953,0.207654,0.00123272,0.0241705,0.0195953,0.207654,0.00123272,0.0241705
guesthost_Trp,PA,40,18.0,2,0,3-exp,-19227.6,0.993667,0.0185698,4.53473e-05,0.0131275,0.992889,1.71148,159148.0,0.0131281,0.297904,5.67676,159148.0,0.0296423,0.0548117,0.00272321,0.0233025
guesthost_Trp,PA,40,18.0,2,1,3-exp,-35064.2,0.995045,0.0198895,2.25674e-05,0.0135207,1.0,0.00524172,7.03594,0.0149905,0.399845,0.0128904,7.03921,0.127096,0.00294948,0.00466752,0.000197495
guesthost_Trp,PA,40,18.0,2,3,3-exp,-4106.18,0.971253,0.00867014,,0.00557927,0.616576,37.0511,1014700.0,0.00557929,0.640476,35.6797,1014700.0,0.0255382,0.0648712,0.00163427,0.0107953
guesthost_Leu,PA,80,20.0,0,1,2-exp,-81.3631,0.878386,0.015371,0.00139633,0.00783501,1.0,0.0047358,0.28638,0.0245844,0.306537,0.0115765,0.402978,0.0245844,0.306537,0.0115765,0.402978
guesthost_Leu,PA,80,20.0,0,2,1-exp,-276.506,0.382999,1.96248,0.106893,1.96248,0.411604,0.106893,0.0137579,,,,,,,,
guesthost_Leu,PA,80,20.0,0,3,3-exp,-268.844,0.980655,0.0504416,0.00227144,0.00522557,1.0,0.00490695,0.415009,0.0152634,0.647172,0.0077945,0.714519,0.254973,0.138595,0.0210737,0.0155591
guesthost_Leu,PA,80,20.0,1,0,1-exp,-2.72553,-3.77476e-15,0.00614709,0.00357718,0.00614709,0.614411,0.00357718,8.8e-05,,,,,,,,
guesthost_Leu,PA,80,20.0,1,2,2-exp,-298.592,0.968634,0.00706664,0.000161335,0.00501011,0.997734,40.702,4286430.0,0.00501012,0.412741,98.4402,4286430.0,0.00501012,0.412741,98.4402,4286430.0
guesthost_Leu,PA,80,20.0,1,3,1-exp,-18.8364,0.602992,0.00638405,0.00155354,0.00638405,1.1,0.00155354,0.315497,,,,,,,,
guesthost_Leu,PA,80,20.0,2,0,2-exp,-839.25,0.826453,0.00385279,0.000277874,0.00171638,1.0,0.00074391,0.206098,0.00373083,0.572637,0.000472851,0.334665,0.00373083,0.572637,0.000472851,0.334665
guesthost_Leu,PA,80,20.0,2,1,2-exp,-161.678,0.960313,0.00625232,0.000612963,0.00457222,0.985772,7.42044,7841300.0,0.00457236,0.381673,18.2981,7841300.0,0.00457236,0.381673,18.2981,7841300.0
guesthost_Leu,PA,80,20.0,2,3,3-exp,-6287.17,0.983026,0.0106084,6.84191e-05,0.00690052,0.728536,1.13008,511188.0,0.00690104,0.681689,1.36719,511188.0,0.0326716,0.0268347,0.00252155,0.00498801
guesthost_Thr,PA,40,74.0,0,1,2-exp,-943.716,0.994611,0.0459719,0.000255771,0.0278837,1.0,0.000806567,0.0165751,0.0990217,0.182669,0.00421891,0.017965,0.0990217,0.182669,0.00421891,0.017965
guesthost_Thr,PA,40,74.0,0,2,3-exp,-1093.33,0.993577,0.0468205,0.00141223,0.00392228,0.774078,0.00184747,0.592545,0.0319929,0.520511,0.00844968,0.263949,0.0543398,0.499296,0.00641997,0.299565
guesthost_Thr,PA,40,74.0,0,3,2-exp,-191.935,0.904087,0.0314268,0.00146824,0.0191733,1.0,0.00640561,0.186844,0.0520405,0.235461,0.017123,0.270788,0.0520405,0.235461,0.017123,0.270788
guesthost_Thr,PA,40,74.0,1,0,2-exp,-229.516,0.841065,0.00552919,0.000259055,0.002593,1.0,0.000795756,0.216948,0.0151388,0.193951,0.00282917,0.0670812,0.0151388,0.193951,0.00282917,0.0670812
guesthost_Thr,PA,40,74.0,1,2,2-exp,-776.152,0.990254,0.0163586,0.000152471,0.00246671,0.542818,0.000546601,0.107384,0.0216098,0.695037,0.000285696,0.0165326,0.0216098,0.695037,0.000285696,0.0165326
guesthost_Thr,PA,40,74.0,1,3,2-exp,-518.667,0.978887,0.0121813,0.00115869,0.00126289,1.0,0.00114513,1.71226,0.0151003,0.72306,0.000320967,0.027136,0.0151003,0.72306,0.000320967,0.027136
guesthost_Thr,PA,40,74.0,2,0,2-exp,-328.499,0.778282,0.00411281,0.000157646,0.00281836,1.0,0.000441859,0.109731,0.0155757,0.0831073,0.00434952,0.0415627,0.0155757,0.0831073,0.00434952,0.0415627
guesthost_Thr,PA,40,74.0,2,1,2-exp,-688.239,0.984349,0.0193791,,0.015825,0.65824,9.91146,1300920.0,0.0158253,0.566337,11.798,1300920.0,0.0158253,0.566337,11.798,1300920.0
guesthost_Thr,PA,40,74.0,2,3,3-exp,-968.463,0.955096,0.00767142,0.00019554,0.00260599,0.423728,9.57529,3553120.0,0.00260824,0.826804,4.81059,3553120.0,0.0181728,0.242708,0.000928934,0.0270784
